query,name,google_id,place_id,location_link,reviews_link,reviews_per_score,rating,review_id,author_link,author_title,author_id,author_image,review_text,review_img_url,owner_answer,owner_answer_timestamp,owner_answer_timestamp_datetime_utc,review_link,review_rating,review_timestamp,review_datetime_utc,review_likes,reviews_id
"gym, Jeddah, Makkah, Saudi Arabia",ูุงุฏู ุจุงูุฏู,0x15c3d007617bf6cd:0xa1d66f8d697880e6,ChIJzfZ7YQfQwxUR5oB4aY1v1qE,"https://www.google.com/maps/place/%D9%86%D8%A7%D8%AF%D9%8A+%D8%A8%D8%A7%D9%82%D8%AF%D9%88/@21.5536276,39.1548315,14z/data=!4m8!1m2!2m1!1s%D9%86%D8%A7%D8%AF%D9%8A+%D8%A8%D8%A7%D9%82%D8%AF%D9%88!3m4!1s0x15c3d007617bf6cd:0xa1d66f8d697880e6!8m2!3d21.5536276!4d39.1548315","https://search.google.com/local/reviews?placeid=ChIJzfZ7YQfQwxUR5oB4aY1v1qE&q=gym,+Jeddah,+Makkah,+Saudi+Arabia&authuser=0&hl=ar&gl=SA","{""1"": 11, ""2"": 3, ""3"": 16, ""4"": 21, ""5"": 84}",4.2,ChdDSUhNMG9nS0VJQ0FnSUNXMFB1eGpBRRAB,https://www.google.com/maps/contrib/100879984304833553395?hl=ar,Mashael Hb,100879984304833553395,https://lh3.googleusercontent.com/a-/AOh14GjlDffGPyDi5a3kuqUj37OynAQk9vbBeQOZtiro=s120-c-c0x00000000-cc-rp-mo-ba4-br100,ุงููุงุฏู ูุธูู ููุบุงูุฉ ุงูุชุนููู ุจุดูู ูุณุชูุฑ ุงุฎุตุงุฆูุฉ ุงูุชุบุฐูุฉ ููุชุงุฒุฉ ููุฑูุญุฉ ุจุงูุชุนุงูู ูุฏุฑุจุงุช ุงูุณุจุงุญุฉ ูุงูููุงูุฉ ุจูุงุช ุงูุงุณุชูุจุงู ูุงุดุงุก ุงููู ุชุจุงุฑู ุงููู ูุงููู ูู ุงูุถู ุงูููุงุฏู ุจุงููุณุจุฉ ูู ูู ูขููกูจูุญุงูุธูู ูุงููุณุชูู ุตุฑุงุญุฉ ูุณุชุงูู ูู ุฑูุงู ูููุนู ููุชุงุฒ ุฌุฏุง ูุงูุงู ููุดู ุงูุชุญููุฉ ุงูุฌูู ูู ุงูุจุดู ุตุฏู.,https://lh5.googleusercontent.com/p/AF1QipMYN7jCCqukBXNZhlGEjYlOtayf0P4ZoJtCnxo,,,,https://www.google.com/maps/reviews/data=!4m5!14m4!1m3!1m2!1s100879984304833553395!2s0x0:0xa1d66f8d697880e6?hl=ar,5,1644942291,02/15/2022 16:24:51,0,-6785113135436496666
"gym, Jeddah, Makkah, Saudi Arabia",ูุงุฏู ุจุงูุฏู,0x15c3d007617bf6cd:0xa1d66f8d697880e6,ChIJzfZ7YQfQwxUR5oB4aY1v1qE,"https://www.google.com/maps/place/%D9%86%D8%A7%D8%AF%D9%8A+%D8%A8%D8%A7%D9%82%D8%AF%D9%88/@21.5536276,39.1548315,14z/data=!4m8!1m2!2m1!1s%D9%86%D8%A7%D8%AF%D9%8A+%D8%A8%D8%A7%D9%82%D8%AF%D9%88!3m4!1s0x15c3d007617bf6cd:0xa1d66f8d697880e6!8m2!3d21.5536276!4d39.1548315","https://search.google.com/local/reviews?placeid=ChIJzfZ7YQfQwxUR5oB4aY1v1qE&q=gym,+Jeddah,+Makkah,+Saudi+Arabia&authuser=0&hl=ar&gl=SA","{""1"": 11, ""2"": 3, ""3"": 16, ""4"": 21, ""5"": 84}",4.2,ChZDSUhNMG9nS0VJQ0FnSURLNWZ5YmV3EAE,https://www.google.com/maps/contrib/104091953338878542800?hl=ar,ALO ON,104091953338878542800,https://lh3.googleusercontent.com/a-/AOh14GhAVFRC42U6OtW8wxXiN-2X2KW4NUBYAwKIjwHtsA=s120-c-c0x00000000-cc-rp-mo-ba6-br100,"ูุธุงูุฉ ุงูุชูุงู ุจุงูุงุญุชุฑุงุฒุงุช ููุฑุงูุจู ุงูููุงู ูุงุนุฏุง ููุช ุงูุฑูุงุถู ุบูุฑ ูุฐุง ูุงุจุฏ ูู ุงูููุงู .. ูุธุงูู ูุฑูู ุงููุธุงูู ูุงูุชุนููู ููุชุงุฒู ูุงููุฏู ุงููุดุชุฑูู ุชูุฒู ูู ุงูุฌูุงุฒ ูุชููู ุงุญุฏ ุงูุนุงููุงุช ูุตูุช ุจุงููุนูู ูุจุฏุช ุชูุธู ูุชุนูู ุงูุฌูุงุฒ .. ุงูุงุฑุถูุงุช ูุธููู ููุนููู ุนูู ุทูู .. ุฏูุฑุงุช ุงูููุงุฉ ููุฉ ูู ุงููุธุงูู .. ุจุตูู ุนุงูู ุงููุงุฏู ุฑูุญุชู ูุธุงูู ูุชูุชุญ ุงูููุณ ููุชูุงุฑูู .. ูุงูุชูููู ุฌูุฏู ุฌุฏุงู ุฌุฏุงู .. ูุฏุฑุจุงุช ูุญุชุฑูุงุช .. ุฏูุชูุฑู ุชุบุฐูู ููุฏุฑุจุงุช ุฎุงุตุงุช ูุณุจุงุญู ูุงุฌูุฒู .. ุงุชููู ุงููู ูุณุชูุฑูู ุนูู ููุณ ุงููุณุชูู .. ูุดุชุฑูู ุฌุฏูุฏู ูุงุนุฌุจูู ุงููุงุฏู ูุซูุฑ .. ููุชุด ุฏููุง ุงููู ูุนุฏุช ุชุดุฑุญ ูู ุงูุงุฌูุฒู ุจูู ููุณ ุทูุจู ูุจุญุจ ููุงุญุณูุช ุจูุญุธู ุงูู ูุฌุฑุฏ ุนูู ุชุณููู ูุฎูุงุต ุจุงูุนูุณ ูุงูุช ููุชูู ุจุงูุญุงูุจ ุงูููุณู ูุซูุฑ ูุงูุชุฑุบูุจ ุจุงูุฑูุงุถู ูููู ุงุฎูููุง ุงุณููุจ ุญูุงุฉ .. ุทุจุนุงู ูุจูุนุง ุฏุฎูุช ุนูุฏ ุฏูุชูุฑู ุงูุนูุงุฌ ุงูุทุจูุนู ููุชุงุงุงุงุงุงุงุงุงุงุงุงุฒู ุฌุฏุงู ูุฎูููู ุงูู ูุงูุง ููุงูู .. ูุชุดุฑุญ ูุนุนุทู ูุฑุตู ุงูู ุชุณุฃูู ูุชุฌุงูุจู ุจูู ุฐูู ูุงุฏุจ .. ุงูุง ุฏูุชูุฑุฉ ุงูุชุบุฐูู ุงูุฌูููู ุฌุฏุงู ูุงูุฑุงููู ูุฌููุง ุชุณูุน ููู ุจุฏูู ููุงุทุนู ูุงูุงุจุชุณุงูู ูุงุชูุงุฑู ูุฌููุง ุงููู ูุณุนุฏูุง ูุชุนุฑู ุงุณููุจ ุงููู ููุธุงู ูููู ูุชุนุทูู ุชูุฌูู ูุฏุฎู ุงูููุจ ููุฑุบุจู ุงูู ุชุจุฏูู ูู ูุญุธุชูุง ุบูุฑ ุงููุง ุชุนุทูู ุงููุธุงู ุงูููุงุณุจ ููุฒูู ููุชูุฉ ุฌุณูู ููููุง ููุชู ูุงุชุญุณุณู ุจุงูููุต ุงุจุฏุงู ุชุตูุน ูููู ุจุงุงูุฌุงุจูุชูุง .. ูุฌูุงู ุฑูุญูุง ูุชุนุทูู ุงููุตูุญู ูู ููุจ .. ุจุตุฑุงุญู ูุฑูู ุนูู ุงุชุนุจ ุงููู ุนูู ุฑุงูู ููุญุชุฑู ุจุงูุชุนุงูู ุจูู ุฐูู ูุงุญุชุฑุงู ูููุดุชุฑูุงุช ..  ููู ููู ูู ุงูุดูุฑ ูุงุงูุชูุฏูุฑ ูุงุชููู ููู ุงูุชูููู  ..

ูุงูู ุงุฐุง ูุฑูุช ูู ููุง ูุน ุฌุฒูู ุงูุดูุฑ ..๐",https://lh5.googleusercontent.com/p/AF1QipNhRW-LlyN79gT2p9qzPAtlU4T7KPbxpQTIc-qU,,,,https://www.google.com/maps/reviews/data=!4m5!14m4!1m3!1m2!1s104091953338878542800!2s0x0:0xa1d66f8d697880e6?hl=ar,5,1624831656,06/27/2021 22:07:36,10,-6785113135436496666
"gym, Jeddah, Makkah, Saudi Arabia",ูุงุฏู ุจุงูุฏู,0x15c3d007617bf6cd:0xa1d66f8d697880e6,ChIJzfZ7YQfQwxUR5oB4aY1v1qE,"https://www.google.com/maps/place/%D9%86%D8%A7%D8%AF%D9%8A+%D8%A8%D8%A7%D9%82%D8%AF%D9%88/@21.5536276,39.1548315,14z/data=!4m8!1m2!2m1!1s%D9%86%D8%A7%D8%AF%D9%8A+%D8%A8%D8%A7%D9%82%D8%AF%D9%88!3m4!1s0x15c3d007617bf6cd:0xa1d66f8d697880e6!8m2!3d21.5536276!4d39.1548315","https://search.google.com/local/reviews?placeid=ChIJzfZ7YQfQwxUR5oB4aY1v1qE&q=gym,+Jeddah,+Makkah,+Saudi+Arabia&authuser=0&hl=ar&gl=SA","{""1"": 11, ""2"": 3, ""3"": 16, ""4"": 21, ""5"": 84}",4.2,ChZDSUhNMG9nS0VJQ0FnSUNXNS1IeGFBEAE,https://www.google.com/maps/contrib/107413648272124385892?hl=ar,Jad vids,107413648272124385892,https://lh3.googleusercontent.com/a-/AOh14GgVFhsUS8CpPMt-zrtPXLG9PV6yRKQskSKMebol=s120-c-c0x00000000-cc-rp-mo-ba3-br100,ูู ุงุฌูู ุงูููุงุฏู.. ูุดูุณ ุจุงูููุงุฑ ูุงููุฏุฑุจุงุช ููุชุงุฒุงุช.. ุตุงูุฉ ุงูููุงุณุงุช ูุงุณุนุฉ ูุชุดุฑุญ ุงูููุณ.. ุณุนุฑูู ุจุงูุนุฑุถ ุฌุฏุง ููุชุงุฒ,https://lh3.googleusercontent.com/a-/AOh14GgVFhsUS8CpPMt-zrtPXLG9PV6yRKQskSKMebol,,,,https://www.google.com/maps/reviews/data=!4m5!14m4!1m3!1m2!1s107413648272124385892!2s0x0:0xa1d66f8d697880e6?hl=ar,5,1646762941,03/08/2022 18:09:01,1,-6785113135436496666
"gym, Jeddah, Makkah, Saudi Arabia",ูุงุฏู ุจุงูุฏู,0x15c3d007617bf6cd:0xa1d66f8d697880e6,ChIJzfZ7YQfQwxUR5oB4aY1v1qE,"https://www.google.com/maps/place/%D9%86%D8%A7%D8%AF%D9%8A+%D8%A8%D8%A7%D9%82%D8%AF%D9%88/@21.5536276,39.1548315,14z/data=!4m8!1m2!2m1!1s%D9%86%D8%A7%D8%AF%D9%8A+%D8%A8%D8%A7%D9%82%D8%AF%D9%88!3m4!1s0x15c3d007617bf6cd:0xa1d66f8d697880e6!8m2!3d21.5536276!4d39.1548315","https://search.google.com/local/reviews?placeid=ChIJzfZ7YQfQwxUR5oB4aY1v1qE&q=gym,+Jeddah,+Makkah,+Saudi+Arabia&authuser=0&hl=ar&gl=SA","{""1"": 11, ""2"": 3, ""3"": 16, ""4"": 21, ""5"": 84}",4.2,ChdDSUhNMG9nS0VJQ0FnSUNzXzRQai1RRRAB,https://www.google.com/maps/contrib/108421973553227279167?hl=ar,Alwed,108421973553227279167,https://lh3.googleusercontent.com/a-/AOh14Gh_LpXHsykzdg7xAd_m-wNJgLMI1SRno9bKcXfi=s120-c-c0x00000000-cc-rp-mo-br100,ุงููุงุฏู ูุธูู ูุงููุฏุฑุจุงุช ูููุณุงุช ูุนูุฏูู ุฃุฎุตุงุฆูุงุช ุนูุงุฌ ุทุจูุนู ุชุงุฎุฐู ูุนุงูู ููุนุฏ ุงูู ูุงุชุดุชุฑูู ููุดูููุง ุงูุด ุนูุฏู ูุดุงูู ุตุญูุฉ ูููููููู ููู ุชุจุฏุฆู ูุงูุด ุชุณูู ูููุง ููุงู ูุนุทูุง ููุงุณุงุช ูู ุงููุณุจุญ  ููู ุงููุณุจุญ ุตุบูุฑ ุฌุฏุงู ููุงุฑูุฉ ุจุนุฏุฏ ุงููุดุชุฑูุงุช ุงููู ููุจููููู .. ูุฏุฑุฌุฉ ูุงุชูุฏุฑู ุชุณูู ุงูุญุฑูุงุช ุตุญ ูู ูุซุฑ ุงูุฒุญูุฉ ูู ุงููุณุจุญ ุบูุฑ ุงูู ุงููุณุจุญ ูุณุงุญุชู ุตุบูุฑุฉ ูุงูููุน ููุณุจุงุญุฉ ุงูุญุฑุฉ .. ูุงูุญูุงูุงุช ุจุณ 2 ูุงููุฑุงูุด 3 ุชุถุทุฑู ุชุณุชูู ุงููู ูุงูุฎู ุงูุฏูุฑ ุนุดุงู ุชุงุฎุฏู ุดูุฑ ุฃู ุชุฏุฎูู ุงูุญูุงู ุงููู ููุฑููู .. ุบูุฑ ุงูุฎุฒุงูุงุช ูุฑู ูุฏููุฉ ููุจุบุงููุง ุชุบููุฑ .. ุงูููุฑูุถ ูุงุฎุฐูุง ุงูุฃุดูุงุกูุฐู ูููุง ุจุนูู ุงูุฅุนุชุจุงุฑ,https://lh5.googleusercontent.com/p/AF1QipO8cBBVzC8Hrlf-FSg61vQUbfO02sNgWsfSAZu8,,,,https://www.google.com/maps/reviews/data=!4m5!14m4!1m3!1m2!1s108421973553227279167!2s0x0:0xa1d66f8d697880e6?hl=ar,3,1582140477,02/19/2020 19:27:57,7,-6785113135436496666
"gym, Jeddah, Makkah, Saudi Arabia",ูุงุฏู ุจุงูุฏู,0x15c3d007617bf6cd:0xa1d66f8d697880e6,ChIJzfZ7YQfQwxUR5oB4aY1v1qE,"https://www.google.com/maps/place/%D9%86%D8%A7%D8%AF%D9%8A+%D8%A8%D8%A7%D9%82%D8%AF%D9%88/@21.5536276,39.1548315,14z/data=!4m8!1m2!2m1!1s%D9%86%D8%A7%D8%AF%D9%8A+%D8%A8%D8%A7%D9%82%D8%AF%D9%88!3m4!1s0x15c3d007617bf6cd:0xa1d66f8d697880e6!8m2!3d21.5536276!4d39.1548315","https://search.google.com/local/reviews?placeid=ChIJzfZ7YQfQwxUR5oB4aY1v1qE&q=gym,+Jeddah,+Makkah,+Saudi+Arabia&authuser=0&hl=ar&gl=SA","{""1"": 11, ""2"": 3, ""3"": 16, ""4"": 21, ""5"": 84}",4.2,ChZDSUhNMG9nS0VJQ0FnSUNtcHR2dGNREAE,https://www.google.com/maps/contrib/117785238829108867321?hl=ar,Hanaa Alswaidi,117785238829108867321,https://lh3.googleusercontent.com/a/AATXAJyi2KU7xD0kCVT7qKbRVSYt4E6sgNjqx03lnnCB=s120-c-c0x00000000-cc-rp-mo-br100,ุงููุงุฏู ุฌููู ููุฏุฑุจุงุช ุฑุงุฆุนุงุช ููู ูค ูุฌูู ูุตุบุฑ ุญุฌูู,https://lh3.googleusercontent.com/a/AATXAJyi2KU7xD0kCVT7qKbRVSYt4E6sgNjqx03lnnCB,,,,https://www.google.com/maps/reviews/data=!4m5!14m4!1m3!1m2!1s117785238829108867321!2s0x0:0xa1d66f8d697880e6?hl=ar,4,1640601608,12/27/2021 10:40:08,0,-6785113135436496666
"gym, Jeddah, Makkah, Saudi Arabia",ูุงุฏู ุจุงูุฏู,0x15c3d007617bf6cd:0xa1d66f8d697880e6,ChIJzfZ7YQfQwxUR5oB4aY1v1qE,"https://www.google.com/maps/place/%D9%86%D8%A7%D8%AF%D9%8A+%D8%A8%D8%A7%D9%82%D8%AF%D9%88/@21.5536276,39.1548315,14z/data=!4m8!1m2!2m1!1s%D9%86%D8%A7%D8%AF%D9%8A+%D8%A8%D8%A7%D9%82%D8%AF%D9%88!3m4!1s0x15c3d007617bf6cd:0xa1d66f8d697880e6!8m2!3d21.5536276!4d39.1548315","https://search.google.com/local/reviews?placeid=ChIJzfZ7YQfQwxUR5oB4aY1v1qE&q=gym,+Jeddah,+Makkah,+Saudi+Arabia&authuser=0&hl=ar&gl=SA","{""1"": 11, ""2"": 3, ""3"": 16, ""4"": 21, ""5"": 84}",4.2,ChdDSUhNMG9nS0VJQ0FnSUNxNjRyT2t3RRAB,https://www.google.com/maps/contrib/109674705023736329570?hl=ar,ุฒููุจ ุนูุณ,109674705023736329570,https://lh3.googleusercontent.com/a-/AOh14Gjl-i-OIkpMuXODPiQOGBp1UNvsrnXLd6T_KZm7ug=s120-c-c0x00000000-cc-rp-mo-ba3-br100,"ุงููุงุฏู ุดูููุง ููุชุงุฒ ..ุชู ุชุณุฌูู ุงุจูุชู ุจูุงุฏู ุงูุฑูุงุถู ุงูู ูู ูกูฅ ุณูู ..ูุณุงูุชูู ุจุฎุตูุต ุชููููุง ูุงูู ุจูุชู ูุงููุฌุฏ ุนูุฏูุง ุงูุจุฑูุงูุฌ ูุงูุง ูุดุบููู ุจุงูุฏูุงู ููุง ุงุณุชุทูุน ุงุญุถุงุฑูุง ููููุง.ู ุงูุชูุช ุงูููุธูู ุจููู ุงูู ุฌูุงููุง ูุณุฌู ูุฏููู ููุฐุง ูููู .
ูุนูุฏ ุญุถูุฑ ุงุจูุชู ุงููุงุฏู ูู ููู ูุชู ุณุคุงููุง ูุชูุจูุฎูุง ุนู ุชููููุง ุุูู ุงุชููุน ูุฐุง ุงูุงุณููุจ ูู ููุธูู ุงููุงุฏู ููุงุณู..",https://lh3.googleusercontent.com/a-/AOh14Gjl-i-OIkpMuXODPiQOGBp1UNvsrnXLd6T_KZm7ug,,,,https://www.google.com/maps/reviews/data=!4m5!14m4!1m3!1m2!1s109674705023736329570!2s0x0:0xa1d66f8d697880e6?hl=ar,3,1624095436,06/19/2021 09:37:16,2,-6785113135436496666
"gym, Jeddah, Makkah, Saudi Arabia",ูุงุฏู ุจุงูุฏู,0x15c3d007617bf6cd:0xa1d66f8d697880e6,ChIJzfZ7YQfQwxUR5oB4aY1v1qE,"https://www.google.com/maps/place/%D9%86%D8%A7%D8%AF%D9%8A+%D8%A8%D8%A7%D9%82%D8%AF%D9%88/@21.5536276,39.1548315,14z/data=!4m8!1m2!2m1!1s%D9%86%D8%A7%D8%AF%D9%8A+%D8%A8%D8%A7%D9%82%D8%AF%D9%88!3m4!1s0x15c3d007617bf6cd:0xa1d66f8d697880e6!8m2!3d21.5536276!4d39.1548315","https://search.google.com/local/reviews?placeid=ChIJzfZ7YQfQwxUR5oB4aY1v1qE&q=gym,+Jeddah,+Makkah,+Saudi+Arabia&authuser=0&hl=ar&gl=SA","{""1"": 11, ""2"": 3, ""3"": 16, ""4"": 21, ""5"": 84}",4.2,ChZDSUhNMG9nS0VJQ0FnSUNBak5PRkF3EAE,https://www.google.com/maps/contrib/102258922430327166284?hl=ar,Nanitoo OTAIBINO,102258922430327166284,https://lh3.googleusercontent.com/a-/AOh14GjZg2emVxxo1ApZ83qVef3DEtpKB_6cLa7bniVqiw=s120-c-c0x00000000-cc-rp-mo-ba4-br100,ุงูู ุฒูุงุฑุฉ ูุฌุงููู ูุชูุฏุฑ ุงููุญุฏู ุชุนูู ูู ุดู ุฑูุงุถู ูุณุจุงุญู ูุบูุฑู. ูุจุนุฏ ูุฏุง ุงูุฒูุงุฑุงุช ุจ100ุฑูุงู ููู ุฑุณูู ุจุงูุดูุฑ ูุงูุณูู ูุงูููุงู ุฌููู ููุงุฏุฆ ูุฃุฏุจ ูุงุญุชุฑุงู,https://lh5.googleusercontent.com/p/AF1QipMrbEXogzD-Ne3Zszkkh3kULRvEV_KJOUUiHesR,,,,https://www.google.com/maps/reviews/data=!4m5!14m4!1m3!1m2!1s102258922430327166284!2s0x0:0xa1d66f8d697880e6?hl=ar,5,1536056712,09/04/2018 10:25:12,5,-6785113135436496666
"gym, Jeddah, Makkah, Saudi Arabia",ูุงุฏู ุจุงูุฏู,0x15c3d007617bf6cd:0xa1d66f8d697880e6,ChIJzfZ7YQfQwxUR5oB4aY1v1qE,"https://www.google.com/maps/place/%D9%86%D8%A7%D8%AF%D9%8A+%D8%A8%D8%A7%D9%82%D8%AF%D9%88/@21.5536276,39.1548315,14z/data=!4m8!1m2!2m1!1s%D9%86%D8%A7%D8%AF%D9%8A+%D8%A8%D8%A7%D9%82%D8%AF%D9%88!3m4!1s0x15c3d007617bf6cd:0xa1d66f8d697880e6!8m2!3d21.5536276!4d39.1548315","https://search.google.com/local/reviews?placeid=ChIJzfZ7YQfQwxUR5oB4aY1v1qE&q=gym,+Jeddah,+Makkah,+Saudi+Arabia&authuser=0&hl=ar&gl=SA","{""1"": 11, ""2"": 3, ""3"": 16, ""4"": 21, ""5"": 84}",4.2,ChdDSUhNMG9nS0VJQ0FnSURZakktU3NBRRAB,https://www.google.com/maps/contrib/113033026431513068454?hl=ar,leem Alabsi,113033026431513068454,https://lh3.googleusercontent.com/a-/AOh14Gh3Bx17ogeatzLTbaIo1rpOMMrOhNTEsTZklD9w=s120-c-c0x00000000-cc-rp-mo-ba4-br100,ูุงุฏู ูุณุงุฆู ุฌููู ุฌุฏุง ููุฑุชุจ ููุฑูุญ ููุณูุง,https://lh3.googleusercontent.com/a-/AOh14Gh3Bx17ogeatzLTbaIo1rpOMMrOhNTEsTZklD9w,,,,https://www.google.com/maps/reviews/data=!4m5!14m4!1m3!1m2!1s113033026431513068454!2s0x0:0xa1d66f8d697880e6?hl=ar,5,1648224718,03/25/2022 16:11:58,1,-6785113135436496666
"gym, Jeddah, Makkah, Saudi Arabia",ูุงุฏู ุจุงูุฏู,0x15c3d007617bf6cd:0xa1d66f8d697880e6,ChIJzfZ7YQfQwxUR5oB4aY1v1qE,"https://www.google.com/maps/place/%D9%86%D8%A7%D8%AF%D9%8A+%D8%A8%D8%A7%D9%82%D8%AF%D9%88/@21.5536276,39.1548315,14z/data=!4m8!1m2!2m1!1s%D9%86%D8%A7%D8%AF%D9%8A+%D8%A8%D8%A7%D9%82%D8%AF%D9%88!3m4!1s0x15c3d007617bf6cd:0xa1d66f8d697880e6!8m2!3d21.5536276!4d39.1548315","https://search.google.com/local/reviews?placeid=ChIJzfZ7YQfQwxUR5oB4aY1v1qE&q=gym,+Jeddah,+Makkah,+Saudi+Arabia&authuser=0&hl=ar&gl=SA","{""1"": 11, ""2"": 3, ""3"": 16, ""4"": 21, ""5"": 84}",4.2,ChZDSUhNMG9nS0VJQ0FnSUQ2NzV1MklREAE,https://www.google.com/maps/contrib/109370280549419224601?hl=ar,zoher amin,109370280549419224601,https://lh3.googleusercontent.com/a/AATXAJz6fNAEaTMmpZQhIQPmOi_n9jNJ_UOaICIqZB8G=s120-c-c0x00000000-cc-rp-mo-ba4-br100,"ุตุฑุญ ุทุจู ูุดููุฑ , ุนุฏุฉ ุชุฎุตุตุงุช ูุฎุชููุฉ , ูุนูุฏูู ุนุฏุฉ ุนุฑูุถ ุนูู ุงูุฃุณุนุงุฑ , ูุฃูุณุงู ูุชุนุฏุฏุฉ ุชุฎุฏู ุงููู , ูุฅุฌูุฒุฉ ุญุฏูุซุฉ , ูุฃุทุจุงุก ุฐูุฎุจุฑู ูู ุฌููุน ุงูุชุฎุตุตุงุช , ูููุงุนูุฏ ุชูุงุณุจ ุงูุฌููุน .",https://lh3.googleusercontent.com/a/AATXAJz6fNAEaTMmpZQhIQPmOi_n9jNJ_UOaICIqZB8G,,,,https://www.google.com/maps/reviews/data=!4m5!14m4!1m3!1m2!1s109370280549419224601!2s0x0:0xa1d66f8d697880e6?hl=ar,5,1634307161,10/15/2021 14:12:41,0,-6785113135436496666
"gym, Jeddah, Makkah, Saudi Arabia",ูุงุฏู ุจุงูุฏู,0x15c3d007617bf6cd:0xa1d66f8d697880e6,ChIJzfZ7YQfQwxUR5oB4aY1v1qE,"https://www.google.com/maps/place/%D9%86%D8%A7%D8%AF%D9%8A+%D8%A8%D8%A7%D9%82%D8%AF%D9%88/@21.5536276,39.1548315,14z/data=!4m8!1m2!2m1!1s%D9%86%D8%A7%D8%AF%D9%8A+%D8%A8%D8%A7%D9%82%D8%AF%D9%88!3m4!1s0x15c3d007617bf6cd:0xa1d66f8d697880e6!8m2!3d21.5536276!4d39.1548315","https://search.google.com/local/reviews?placeid=ChIJzfZ7YQfQwxUR5oB4aY1v1qE&q=gym,+Jeddah,+Makkah,+Saudi+Arabia&authuser=0&hl=ar&gl=SA","{""1"": 11, ""2"": 3, ""3"": 16, ""4"": 21, ""5"": 84}",4.2,ChZDSUhNMG9nS0VJQ0FnSUQ2N3VEdVVREAE,https://www.google.com/maps/contrib/100266710457961457426?hl=ar,Rehab Alhazza,100266710457961457426,https://lh3.googleusercontent.com/a-/AOh14GipC05xq5rDTlopq2NBrkB5Cr21mMYSRWJnrPz3=s120-c-c0x00000000-cc-rp-mo-br100,"ูุงุฏู ูุฑูุญ ููุธูู ูุงูุงุฌูู ุงูู ุงูุงุฏุงุฑุฉ ูุงููุฏุฑุจุงุช ุฌุฏุง"" ูุชุนุงููุงุช",https://lh3.googleusercontent.com/a-/AOh14GipC05xq5rDTlopq2NBrkB5Cr21mMYSRWJnrPz3,,,,https://www.google.com/maps/reviews/data=!4m5!14m4!1m3!1m2!1s100266710457961457426!2s0x0:0xa1d66f8d697880e6?hl=ar,5,1632980454,09/30/2021 05:40:54,0,-6785113135436496666
"gym, Jeddah, Makkah, Saudi Arabia",ูุงุฏู ุจุงูุฏู,0x15c3d007617bf6cd:0xa1d66f8d697880e6,ChIJzfZ7YQfQwxUR5oB4aY1v1qE,"https://www.google.com/maps/place/%D9%86%D8%A7%D8%AF%D9%8A+%D8%A8%D8%A7%D9%82%D8%AF%D9%88/@21.5536276,39.1548315,14z/data=!4m8!1m2!2m1!1s%D9%86%D8%A7%D8%AF%D9%8A+%D8%A8%D8%A7%D9%82%D8%AF%D9%88!3m4!1s0x15c3d007617bf6cd:0xa1d66f8d697880e6!8m2!3d21.5536276!4d39.1548315","https://search.google.com/local/reviews?placeid=ChIJzfZ7YQfQwxUR5oB4aY1v1qE&q=gym,+Jeddah,+Makkah,+Saudi+Arabia&authuser=0&hl=ar&gl=SA","{""1"": 11, ""2"": 3, ""3"": 16, ""4"": 21, ""5"": 84}",4.2,ChZDSUhNMG9nS0VJQ0FnSURpNkt6NUp3EAE,https://www.google.com/maps/contrib/100777373184581372382?hl=ar,Noor Banajah,100777373184581372382,https://lh3.googleusercontent.com/a/AATXAJwd_lV3DKy6M1XYitinWxGfH6a5lUqjFOE52sRt=s120-c-c0x00000000-cc-rp-mo-br100,"ุตุฑุงุญุฉ ูู ุฃูุถู ุงูููุงุฏู ุงููู ูู ุฌุฏู ูุงูู ูุชูุงูู ุงุดุทุฑ ุงููุฏุฑุจุงุช ุนูุฏูู ููุชููู ุจูู ุงูุชูุงุตูู...
ุงุบูุจ ุงูููุงุฏู ูุบุฑููู ุจุงูุนุฑูุถ ุนุดุงู ุชุณุฌูู ูุจุณ ุชุณุฌูู ุฎูุงุต ูุฎูููู ุชุณุฑุญู ูุญุงูู ูู ุงููุงุฏู ูุชุฎุจุทู ุจุงูุฃุฌูุฒุฉ ูู ุจุงูุฏู ุงูุนูุณ ููุชููุง ูููู ูู ุงูู ูุงุชุณุฌูู ุชุงุฎุฐู ููุนุฏ ูุน ุงุฎุตุงุฆูุฉ ุงูุชุบุฐูู ูุงุฎุตุงุฆูุฉ ุงูุนูุงุฌ ุงูุทุจูุนู ููุงู ููุนุฏ ูุน ูุฏุฑุจู ูููู ูุณุงุนุฏูู ููู ุชูุตูู ููุฏูู ๐ค๐ค๐ค",https://lh3.googleusercontent.com/a/AATXAJwd_lV3DKy6M1XYitinWxGfH6a5lUqjFOE52sRt,,,,https://www.google.com/maps/reviews/data=!4m5!14m4!1m3!1m2!1s100777373184581372382!2s0x0:0xa1d66f8d697880e6?hl=ar,5,1606160343,11/23/2020 19:39:03,4,-6785113135436496666
"gym, Jeddah, Makkah, Saudi Arabia",ูุงุฏู ุจุงูุฏู,0x15c3d007617bf6cd:0xa1d66f8d697880e6,ChIJzfZ7YQfQwxUR5oB4aY1v1qE,"https://www.google.com/maps/place/%D9%86%D8%A7%D8%AF%D9%8A+%D8%A8%D8%A7%D9%82%D8%AF%D9%88/@21.5536276,39.1548315,14z/data=!4m8!1m2!2m1!1s%D9%86%D8%A7%D8%AF%D9%8A+%D8%A8%D8%A7%D9%82%D8%AF%D9%88!3m4!1s0x15c3d007617bf6cd:0xa1d66f8d697880e6!8m2!3d21.5536276!4d39.1548315","https://search.google.com/local/reviews?placeid=ChIJzfZ7YQfQwxUR5oB4aY1v1qE&q=gym,+Jeddah,+Makkah,+Saudi+Arabia&authuser=0&hl=ar&gl=SA","{""1"": 11, ""2"": 3, ""3"": 16, ""4"": 21, ""5"": 84}",4.2,ChdDSUhNMG9nS0VJQ0FnSUNxdC1mcTFnRRAB,https://www.google.com/maps/contrib/103965537487219671160?hl=ar,M.H Alharbi,103965537487219671160,https://lh3.googleusercontent.com/a-/AOh14GgLSJXeGYVOCpJsBcCFFJEhfgIDmW1sdbGONLEY=s120-c-c0x00000000-cc-rp-mo-br100,ูุงุฏู ุฌูุฏ ุจู ููุงุณุงุช ูุชููุนุฉ ููุฏุฑุจุฉ ุงูุณุจุงุญุฉ ููุชุงุฒุฉ ุตุงูุฉ ุงูุญุฏูุฏ ุฌูุฏุฉ ููู ุงูุชุฑููุฒ ูู ุงูุงุฌูุฒุฉ ุนูู ุงูููุงูุฉ ุ ุงูุงุณุนุงุฑ ูุฑุชูุนุฉ ุจุนุถ ุงูุดู,https://lh3.googleusercontent.com/a-/AOh14GgLSJXeGYVOCpJsBcCFFJEhfgIDmW1sdbGONLEY,,,,https://www.google.com/maps/reviews/data=!4m5!14m4!1m3!1m2!1s103965537487219671160!2s0x0:0xa1d66f8d697880e6?hl=ar,3,1624359336,06/22/2021 10:55:36,0,-6785113135436496666
"gym, Jeddah, Makkah, Saudi Arabia",ูุงุฏู ุจุงูุฏู,0x15c3d007617bf6cd:0xa1d66f8d697880e6,ChIJzfZ7YQfQwxUR5oB4aY1v1qE,"https://www.google.com/maps/place/%D9%86%D8%A7%D8%AF%D9%8A+%D8%A8%D8%A7%D9%82%D8%AF%D9%88/@21.5536276,39.1548315,14z/data=!4m8!1m2!2m1!1s%D9%86%D8%A7%D8%AF%D9%8A+%D8%A8%D8%A7%D9%82%D8%AF%D9%88!3m4!1s0x15c3d007617bf6cd:0xa1d66f8d697880e6!8m2!3d21.5536276!4d39.1548315","https://search.google.com/local/reviews?placeid=ChIJzfZ7YQfQwxUR5oB4aY1v1qE&q=gym,+Jeddah,+Makkah,+Saudi+Arabia&authuser=0&hl=ar&gl=SA","{""1"": 11, ""2"": 3, ""3"": 16, ""4"": 21, ""5"": 84}",4.2,ChdDSUhNMG9nS0VJQ0FnSUNzbzkyVDhRRRAB,https://www.google.com/maps/contrib/117815795805956950543?hl=ar,s g,117815795805956950543,https://lh3.googleusercontent.com/a/AATXAJx0-Uh6Yb9Xgpv4sO22tsFGVAafHtwIk9TycDrG=s120-c-c0x00000000-cc-rp-mo-br100,ุงุณุชุฎุฏู ุงููุณุจุญ ููุท ..ุงููุฏุฑุจุงุช ููุชุงุฒูู ููู ุงููุณุจุญ ุตุบูุฑ ููุงุฑูุฉ ุจุนุฏุฏ ุงููุดุชุฑููู ูู ุงู ุงูุฎุฒุงุฆู ูุฏููู ููุณุชูููู ููุทูุจ ูู ุงููุดุชุฑูู ุชูููุฑ ุงูููู ..ุงูุญูุงูุงุช ุนุฏุฏูุง ูููู ูุงูุตุงุจูู ูุฎูุต ุจุณุฑุนู ูููุง ููุงูุชููุฑ ุฌุงููุฒู ุงู ุณุงููุง ุงุนุฌุจูู ููุท ุงู ูููุฉ ุงููุณุจุญ ุฏุงููู ูููุณุช ุจุงุฑุฏุฉ ูุงูููุงู ูููู ุฏุงููุก ููููุตู ุจุจุงุจ ุนู ุจุงูู ุงููุงุฏู,https://lh3.googleusercontent.com/a/AATXAJx0-Uh6Yb9Xgpv4sO22tsFGVAafHtwIk9TycDrG,,,,https://www.google.com/maps/reviews/data=!4m5!14m4!1m3!1m2!1s117815795805956950543!2s0x0:0xa1d66f8d697880e6?hl=ar,3,1581532890,02/12/2020 18:41:30,1,-6785113135436496666
"gym, Jeddah, Makkah, Saudi Arabia",ูุงุฏู ุจุงูุฏู,0x15c3d007617bf6cd:0xa1d66f8d697880e6,ChIJzfZ7YQfQwxUR5oB4aY1v1qE,"https://www.google.com/maps/place/%D9%86%D8%A7%D8%AF%D9%8A+%D8%A8%D8%A7%D9%82%D8%AF%D9%88/@21.5536276,39.1548315,14z/data=!4m8!1m2!2m1!1s%D9%86%D8%A7%D8%AF%D9%8A+%D8%A8%D8%A7%D9%82%D8%AF%D9%88!3m4!1s0x15c3d007617bf6cd:0xa1d66f8d697880e6!8m2!3d21.5536276!4d39.1548315","https://search.google.com/local/reviews?placeid=ChIJzfZ7YQfQwxUR5oB4aY1v1qE&q=gym,+Jeddah,+Makkah,+Saudi+Arabia&authuser=0&hl=ar&gl=SA","{""1"": 11, ""2"": 3, ""3"": 16, ""4"": 21, ""5"": 84}",4.2,ChZDSUhNMG9nS0VJQ0FnSURBNGZITGN3EAE,https://www.google.com/maps/contrib/118324003703462928695?hl=ar,Thuraya Alsharif,118324003703462928695,https://lh3.googleusercontent.com/a-/AOh14GiximoanFaR86_TmlPfvZ8v6AgprBzieLCVUswiKQ=s120-c-c0x00000000-cc-rp-mo-ba4-br100,"ูุณุงุญุฉ ุงููุงุฏู ููุชุงุฒุฉ ูุถู ููุงุณุงุช ููุงูุฑูุจู ูููุงุณุงุช ูุชููุนุฉ ูุฃุฌูุฒุฉ ูุชุนุฏุฏุฉ . ููุณุจุญ ูููุงุณุงุช ูู ุงููุณุจุญ .
ููููู ุดูุจ ูุจุตูุฉ ุนุงูุฉ ุงูููุงู ูุธูู ููุงุฏู ููุฑูุญ ููุถู ุบุฑูุฉ ููุงุณุจูููุฌ  ูุบุฑูุฉ TRX ูุฑุณูู ุงูุงุดุชุฑุงู ููุงุณุจุฉ ุฌุฏุง ุจุงูุฅุถุงูุฉ ุฅูู ุงูุนุฑูุถ ุงููููุฒุฉ",https://lh3.googleusercontent.com/a-/AOh14GiximoanFaR86_TmlPfvZ8v6AgprBzieLCVUswiKQ,,,,https://www.google.com/maps/reviews/data=!4m5!14m4!1m3!1m2!1s118324003703462928695!2s0x0:0xa1d66f8d697880e6?hl=ar,5,1525296252,05/02/2018 21:24:12,0,-6785113135436496666
"gym, Jeddah, Makkah, Saudi Arabia",ูุงุฏู ุจุงูุฏู,0x15c3d007617bf6cd:0xa1d66f8d697880e6,ChIJzfZ7YQfQwxUR5oB4aY1v1qE,"https://www.google.com/maps/place/%D9%86%D8%A7%D8%AF%D9%8A+%D8%A8%D8%A7%D9%82%D8%AF%D9%88/@21.5536276,39.1548315,14z/data=!4m8!1m2!2m1!1s%D9%86%D8%A7%D8%AF%D9%8A+%D8%A8%D8%A7%D9%82%D8%AF%D9%88!3m4!1s0x15c3d007617bf6cd:0xa1d66f8d697880e6!8m2!3d21.5536276!4d39.1548315","https://search.google.com/local/reviews?placeid=ChIJzfZ7YQfQwxUR5oB4aY1v1qE&q=gym,+Jeddah,+Makkah,+Saudi+Arabia&authuser=0&hl=ar&gl=SA","{""1"": 11, ""2"": 3, ""3"": 16, ""4"": 21, ""5"": 84}",4.2,ChdDSUhNMG9nS0VJQ0FnSUNNek55MTZ3RRAB,https://www.google.com/maps/contrib/116151143305523864157?hl=ar,Nojud Ma,116151143305523864157,https://lh3.googleusercontent.com/a-/AOh14GhZ9oz6Hc8ucMyDYCIJTmmrfnqzMLzDtXBwBdRj=s120-c-c0x00000000-cc-rp-mo-ba5-br100,ุงูุง ููุช ุจุนูุงุฏู ุงูุฌูุฏูู ุนูุฏ ุงูุฏูุชูุฑู ูุณูุช ุงุณููุง ุจุณ ุฏูุชูุฑู ูุชุนุงููู ูุฑุงุฆุนู,https://lh5.googleusercontent.com/p/AF1QipOiPqQCLGrj9KTQejM_RzuffeWO0RDECv5Jy7aQ,,,,https://www.google.com/maps/reviews/data=!4m5!14m4!1m3!1m2!1s116151143305523864157!2s0x0:0xa1d66f8d697880e6?hl=ar,5,1574186306,11/19/2019 17:58:26,0,-6785113135436496666
"gym, Jeddah, Makkah, Saudi Arabia",ูุงุฏู ุจุงูุฏู,0x15c3d007617bf6cd:0xa1d66f8d697880e6,ChIJzfZ7YQfQwxUR5oB4aY1v1qE,"https://www.google.com/maps/place/%D9%86%D8%A7%D8%AF%D9%8A+%D8%A8%D8%A7%D9%82%D8%AF%D9%88/@21.5536276,39.1548315,14z/data=!4m8!1m2!2m1!1s%D9%86%D8%A7%D8%AF%D9%8A+%D8%A8%D8%A7%D9%82%D8%AF%D9%88!3m4!1s0x15c3d007617bf6cd:0xa1d66f8d697880e6!8m2!3d21.5536276!4d39.1548315","https://search.google.com/local/reviews?placeid=ChIJzfZ7YQfQwxUR5oB4aY1v1qE&q=gym,+Jeddah,+Makkah,+Saudi+Arabia&authuser=0&hl=ar&gl=SA","{""1"": 11, ""2"": 3, ""3"": 16, ""4"": 21, ""5"": 84}",4.2,ChZDSUhNMG9nS0VJQ0FnSUNReTRiNVZnEAE,https://www.google.com/maps/contrib/109905342584413743515?hl=ar,ููุชุจุฉ ุนุจูุฑ ุงูุซูุงููุฉ,109905342584413743515,https://lh3.googleusercontent.com/a-/AOh14GhNxn4dgbtAlZlDzyN-GWNGmgjN4gD0ARwF3bbsYg=s120-c-c0x00000000-cc-rp-mo-br100,ูุงุฏู ูุจูุฑ ูุงุณุน ูุดุฑุญ .. ููุงุณุงุช ูุชููุนุฉ ููุณุจุญ .. ุงูุงุณุนุงุฑ ุชุดุจู ุงูุนุงุฑ ูุนุธู ุงูููุงุฏู .. ูุญุชุงุฌ ููุท ูููุฒูุฏ ูู ุงูุตูุงูุฉ .. ููููุนู ููุชุงุฒ,https://lh3.googleusercontent.com/a-/AOh14GhNxn4dgbtAlZlDzyN-GWNGmgjN4gD0ARwF3bbsYg,,,,https://www.google.com/maps/reviews/data=!4m5!14m4!1m3!1m2!1s109905342584413743515!2s0x0:0xa1d66f8d697880e6?hl=ar,4,1532858358,07/29/2018 09:59:18,1,-6785113135436496666
"gym, Jeddah, Makkah, Saudi Arabia",ูุงุฏู ุจุงูุฏู,0x15c3d007617bf6cd:0xa1d66f8d697880e6,ChIJzfZ7YQfQwxUR5oB4aY1v1qE,"https://www.google.com/maps/place/%D9%86%D8%A7%D8%AF%D9%8A+%D8%A8%D8%A7%D9%82%D8%AF%D9%88/@21.5536276,39.1548315,14z/data=!4m8!1m2!2m1!1s%D9%86%D8%A7%D8%AF%D9%8A+%D8%A8%D8%A7%D9%82%D8%AF%D9%88!3m4!1s0x15c3d007617bf6cd:0xa1d66f8d697880e6!8m2!3d21.5536276!4d39.1548315","https://search.google.com/local/reviews?placeid=ChIJzfZ7YQfQwxUR5oB4aY1v1qE&q=gym,+Jeddah,+Makkah,+Saudi+Arabia&authuser=0&hl=ar&gl=SA","{""1"": 11, ""2"": 3, ""3"": 16, ""4"": 21, ""5"": 84}",4.2,ChZDSUhNMG9nS0VJQ0FnSUNxN3JuUUNREAE,https://www.google.com/maps/contrib/101892573720221078658?hl=ar,S J,101892573720221078658,https://lh3.googleusercontent.com/a/AATXAJxN3oVoO5fIER4LCAFxyWVBTrsEQnnLXKP2xDMH=s120-c-c0x00000000-cc-rp-mo-ba2-br100,ุฌููุง ุนุดุงู ูุฏุฑุจุฉ ุงูุณุจุงุญุฉ ููุฃุทูุงูุ ูุง ุดุงุกุงููู ุฒุงุฏ ุนุฏุฏ ุงูุฃุทูุงู ูู ุงููุฌููุนุฉ ุงููุงุญุฏุฉ .. ุงู ุดุงุกุงููู ูุณุชููุฏูุง.,https://lh3.googleusercontent.com/a/AATXAJxN3oVoO5fIER4LCAFxyWVBTrsEQnnLXKP2xDMH,,,,https://www.google.com/maps/reviews/data=!4m5!14m4!1m3!1m2!1s101892573720221078658!2s0x0:0xa1d66f8d697880e6?hl=ar,3,1623074067,06/07/2021 13:54:27,0,-6785113135436496666
"gym, Jeddah, Makkah, Saudi Arabia",ูุงุฏู ุจุงูุฏู,0x15c3d007617bf6cd:0xa1d66f8d697880e6,ChIJzfZ7YQfQwxUR5oB4aY1v1qE,"https://www.google.com/maps/place/%D9%86%D8%A7%D8%AF%D9%8A+%D8%A8%D8%A7%D9%82%D8%AF%D9%88/@21.5536276,39.1548315,14z/data=!4m8!1m2!2m1!1s%D9%86%D8%A7%D8%AF%D9%8A+%D8%A8%D8%A7%D9%82%D8%AF%D9%88!3m4!1s0x15c3d007617bf6cd:0xa1d66f8d697880e6!8m2!3d21.5536276!4d39.1548315","https://search.google.com/local/reviews?placeid=ChIJzfZ7YQfQwxUR5oB4aY1v1qE&q=gym,+Jeddah,+Makkah,+Saudi+Arabia&authuser=0&hl=ar&gl=SA","{""1"": 11, ""2"": 3, ""3"": 16, ""4"": 21, ""5"": 84}",4.2,ChZDSUhNMG9nS0VJQ0FnSURjd3J2VlZnEAE,https://www.google.com/maps/contrib/109535849256418889499?hl=ar,Ghzaeyl Ali,109535849256418889499,https://lh3.googleusercontent.com/a-/AOh14GghQ75grOcq6ILtM_d8H-AhnDeGXc91hzni-HeYhA=s120-c-c0x00000000-cc-rp-mo-ba3-br100,ุฏุฎูุช ุนูุฏูู ุงุจุบู ุงุชุนูู ุณุจุงุญุฉ ููู ุณุฌูุช ุนุฑูุช ุงูู ุงููุณุจุญ ูู ุนููู ููุตู ููุต ุฌุณูู ุจุณ ' ุงูุชุจูู ูู ูุงูุดู ุจูุงุช ูุงูู ุญุชู ูู ุงููุฏุฑุจุฉ ูุงูุช ุนุงุฏู ุจุชูุฏุฑูู ุชุณุจุญูู ุจุงูุนููู ุจุนุฏูุง ูุฐุจ ุญุงููุช ูุฑุงุญุช ูููุณู ุน ุงููุงุถู๐,https://lh3.googleusercontent.com/a-/AOh14GghQ75grOcq6ILtM_d8H-AhnDeGXc91hzni-HeYhA,,,,https://www.google.com/maps/reviews/data=!4m5!14m4!1m3!1m2!1s109535849256418889499!2s0x0:0xa1d66f8d697880e6?hl=ar,1,1591009248,06/01/2020 11:00:48,2,-6785113135436496666
"gym, Jeddah, Makkah, Saudi Arabia",ูุงุฏู ุจุงูุฏู,0x15c3d007617bf6cd:0xa1d66f8d697880e6,ChIJzfZ7YQfQwxUR5oB4aY1v1qE,"https://www.google.com/maps/place/%D9%86%D8%A7%D8%AF%D9%8A+%D8%A8%D8%A7%D9%82%D8%AF%D9%88/@21.5536276,39.1548315,14z/data=!4m8!1m2!2m1!1s%D9%86%D8%A7%D8%AF%D9%8A+%D8%A8%D8%A7%D9%82%D8%AF%D9%88!3m4!1s0x15c3d007617bf6cd:0xa1d66f8d697880e6!8m2!3d21.5536276!4d39.1548315","https://search.google.com/local/reviews?placeid=ChIJzfZ7YQfQwxUR5oB4aY1v1qE&q=gym,+Jeddah,+Makkah,+Saudi+Arabia&authuser=0&hl=ar&gl=SA","{""1"": 11, ""2"": 3, ""3"": 16, ""4"": 21, ""5"": 84}",4.2,ChZDSUhNMG9nS0VJQ0FnSURBeXRLdlN3EAE,https://www.google.com/maps/contrib/111174417518421914428?hl=ar,Mena Sul,111174417518421914428,https://lh3.googleusercontent.com/a-/AOh14Gig8TDdCnMqQHZVcyXZLCXJExjuN_Gwz8b_6oQx=s120-c-c0x00000000-cc-rp-mo-ba4-br100,ุงููุณุจุญ ูุธูู. ุนุฏุฏ ุงููุงุณ ูุนููู ูุบูุฑ ูุฒุฏุญู. ุงููุนุงููุฉ ูุทููุฉ. ููู ุฏูุงููุจ ุญูุธ ุงูุญุงุฌุงุช ูุฌุจ ุนูู ุงููุงุฏู ุชูููุฑ ุงููุงู ูููุณ ุงููุดุชุฑูุงุช.,https://lh3.googleusercontent.com/a-/AOh14Gig8TDdCnMqQHZVcyXZLCXJExjuN_Gwz8b_6oQx,,,,https://www.google.com/maps/reviews/data=!4m5!14m4!1m3!1m2!1s111174417518421914428!2s0x0:0xa1d66f8d697880e6?hl=ar,4,1538822731,10/06/2018 10:45:31,3,-6785113135436496666
"gym, Jeddah, Makkah, Saudi Arabia",ูุงุฏู ุจุงูุฏู,0x15c3d007617bf6cd:0xa1d66f8d697880e6,ChIJzfZ7YQfQwxUR5oB4aY1v1qE,"https://www.google.com/maps/place/%D9%86%D8%A7%D8%AF%D9%8A+%D8%A8%D8%A7%D9%82%D8%AF%D9%88/@21.5536276,39.1548315,14z/data=!4m8!1m2!2m1!1s%D9%86%D8%A7%D8%AF%D9%8A+%D8%A8%D8%A7%D9%82%D8%AF%D9%88!3m4!1s0x15c3d007617bf6cd:0xa1d66f8d697880e6!8m2!3d21.5536276!4d39.1548315","https://search.google.com/local/reviews?placeid=ChIJzfZ7YQfQwxUR5oB4aY1v1qE&q=gym,+Jeddah,+Makkah,+Saudi+Arabia&authuser=0&hl=ar&gl=SA","{""1"": 11, ""2"": 3, ""3"": 16, ""4"": 21, ""5"": 84}",4.2,ChdDSUhNMG9nS0VJQ0FnSUM2N0x6SS13RRAB,https://www.google.com/maps/contrib/118439576109657827460?hl=ar,Bin Jamal,118439576109657827460,https://lh3.googleusercontent.com/a-/AOh14GiXxXCnIAjBC_NSlQM0WfKthb9U1HZIL4TWXfZQbw=s120-c-c0x00000000-cc-rp-mo-ba6-br100,ูุงุฏู ุฌูุฏ ูููู ุงูุงุฌูุฒุฉ ุฌูุฏุฉ,https://lh3.googleusercontent.com/a-/AOh14GiXxXCnIAjBC_NSlQM0WfKthb9U1HZIL4TWXfZQbw,,,,https://www.google.com/maps/reviews/data=!4m5!14m4!1m3!1m2!1s118439576109657827460!2s0x0:0xa1d66f8d697880e6?hl=ar,3,1630436698,08/31/2021 19:04:58,0,-6785113135436496666
"gym, Jeddah, Makkah, Saudi Arabia",ูุงุฏู ุจุงูุฏู,0x15c3d007617bf6cd:0xa1d66f8d697880e6,ChIJzfZ7YQfQwxUR5oB4aY1v1qE,"https://www.google.com/maps/place/%D9%86%D8%A7%D8%AF%D9%8A+%D8%A8%D8%A7%D9%82%D8%AF%D9%88/@21.5536276,39.1548315,14z/data=!4m8!1m2!2m1!1s%D9%86%D8%A7%D8%AF%D9%8A+%D8%A8%D8%A7%D9%82%D8%AF%D9%88!3m4!1s0x15c3d007617bf6cd:0xa1d66f8d697880e6!8m2!3d21.5536276!4d39.1548315","https://search.google.com/local/reviews?placeid=ChIJzfZ7YQfQwxUR5oB4aY1v1qE&q=gym,+Jeddah,+Makkah,+Saudi+Arabia&authuser=0&hl=ar&gl=SA","{""1"": 11, ""2"": 3, ""3"": 16, ""4"": 21, ""5"": 84}",4.2,ChdDSUhNMG9nS0VJQ0FnSUQ4eWUyTWh3RRAB,https://www.google.com/maps/contrib/110212265951630576404?hl=ar,Samia Al_aidrous,110212265951630576404,https://lh3.googleusercontent.com/a/AATXAJyGAu1c2Y_npOWsm-Y_sByJw8QQp_Xk5jqbmqJF=s120-c-c0x00000000-cc-rp-mo-ba2-br100,ููุงู ุฌููู ูููุธู ูุงูุนุงูููู ุฌุฏุง ุฑุงุฆุนูู ู ูุงููุฏุฑุจุงุช ุฌุฏุง ุฎููููู,https://lh3.googleusercontent.com/a/AATXAJyGAu1c2Y_npOWsm-Y_sByJw8QQp_Xk5jqbmqJF,,,,https://www.google.com/maps/reviews/data=!4m8!14m7!1m6!2m5!1sChdDSUhNMG9nS0VJQ0FnSUQ4eWUyTWh3RRAB!2m1!1s0x0:0xa1d66f8d697880e6!3m1!1s2@1:CIHM0ogKEICAgID8ye2MhwE%7CCgwI75HT-AUQyPfr-wI%7C?hl=ar,4,1595197679,07/19/2020 22:27:59,1,-6785113135436496666
"gym, Jeddah, Makkah, Saudi Arabia",ูุงุฏู ุจุงูุฏู,0x15c3d007617bf6cd:0xa1d66f8d697880e6,ChIJzfZ7YQfQwxUR5oB4aY1v1qE,"https://www.google.com/maps/place/%D9%86%D8%A7%D8%AF%D9%8A+%D8%A8%D8%A7%D9%82%D8%AF%D9%88/@21.5536276,39.1548315,14z/data=!4m8!1m2!2m1!1s%D9%86%D8%A7%D8%AF%D9%8A+%D8%A8%D8%A7%D9%82%D8%AF%D9%88!3m4!1s0x15c3d007617bf6cd:0xa1d66f8d697880e6!8m2!3d21.5536276!4d39.1548315","https://search.google.com/local/reviews?placeid=ChIJzfZ7YQfQwxUR5oB4aY1v1qE&q=gym,+Jeddah,+Makkah,+Saudi+Arabia&authuser=0&hl=ar&gl=SA","{""1"": 11, ""2"": 3, ""3"": 16, ""4"": 21, ""5"": 84}",4.2,ChZDSUhNMG9nS0VJQ0FnSURBeXRLdlN3EAE,https://www.google.com/maps/contrib/111174417518421914428?hl=ar,Mena Sul,111174417518421914428,https://lh3.googleusercontent.com/a-/AOh14Gig8TDdCnMqQHZVcyXZLCXJExjuN_Gwz8b_6oQx=s120-c-c0x00000000-cc-rp-mo-ba4-br100,ุงููุณุจุญ ูุธูู. ุนุฏุฏ ุงููุงุณ ูุนููู ูุบูุฑ ูุฒุฏุญู. ุงููุนุงููุฉ ูุทููุฉ. ููู ุฏูุงููุจ ุญูุธ ุงูุญุงุฌุงุช ูุฌุจ ุนูู ุงููุงุฏู ุชูููุฑ ุงููุงู ูููุณ ุงููุดุชุฑูุงุช.,https://lh3.googleusercontent.com/a-/AOh14Gig8TDdCnMqQHZVcyXZLCXJExjuN_Gwz8b_6oQx,,,,https://www.google.com/maps/reviews/data=!4m8!14m7!1m6!2m5!1sChZDSUhNMG9nS0VJQ0FnSURBeXRLdlN3EAE!2m1!1s0x0:0xa1d66f8d697880e6!3m1!1s2@1:CIHM0ogKEICAgIDAytKvSw%7CCgwIy6Ti3QUQwImh5AI%7C?hl=ar,4,1538822731,10/06/2018 10:45:31,3,-6785113135436496666
"gym, Jeddah, Makkah, Saudi Arabia",ูุงุฏู ุจุงูุฏู,0x15c3d007617bf6cd:0xa1d66f8d697880e6,ChIJzfZ7YQfQwxUR5oB4aY1v1qE,"https://www.google.com/maps/place/%D9%86%D8%A7%D8%AF%D9%8A+%D8%A8%D8%A7%D9%82%D8%AF%D9%88/@21.5536276,39.1548315,14z/data=!4m8!1m2!2m1!1s%D9%86%D8%A7%D8%AF%D9%8A+%D8%A8%D8%A7%D9%82%D8%AF%D9%88!3m4!1s0x15c3d007617bf6cd:0xa1d66f8d697880e6!8m2!3d21.5536276!4d39.1548315","https://search.google.com/local/reviews?placeid=ChIJzfZ7YQfQwxUR5oB4aY1v1qE&q=gym,+Jeddah,+Makkah,+Saudi+Arabia&authuser=0&hl=ar&gl=SA","{""1"": 11, ""2"": 3, ""3"": 16, ""4"": 21, ""5"": 84}",4.2,ChZDSUhNMG9nS0VJQ0FnSURBNGZITGN3EAE,https://www.google.com/maps/contrib/118324003703462928695?hl=ar,Thuraya Alsharif,118324003703462928695,https://lh3.googleusercontent.com/a-/AOh14GiximoanFaR86_TmlPfvZ8v6AgprBzieLCVUswiKQ=s120-c-c0x00000000-cc-rp-mo-ba4-br100,"ูุณุงุญุฉ ุงููุงุฏู ููุชุงุฒุฉ ูุถู ููุงุณุงุช ููุงูุฑูุจู ูููุงุณุงุช ูุชููุนุฉ ูุฃุฌูุฒุฉ ูุชุนุฏุฏุฉ . ููุณุจุญ ูููุงุณุงุช ูู ุงููุณุจุญ .
ููููู ุดูุจ ูุจุตูุฉ ุนุงูุฉ ุงูููุงู ูุธูู ููุงุฏู ููุฑูุญ ููุถู ุบุฑูุฉ ููุงุณุจูููุฌ  ูุบุฑูุฉ TRX ูุฑุณูู ุงูุงุดุชุฑุงู ููุงุณุจุฉ ุฌุฏุง ุจุงูุฅุถุงูุฉ ุฅูู ุงูุนุฑูุถ ุงููููุฒุฉ",https://lh3.googleusercontent.com/a-/AOh14GiximoanFaR86_TmlPfvZ8v6AgprBzieLCVUswiKQ,,,,https://www.google.com/maps/reviews/data=!4m8!14m7!1m6!2m5!1sChZDSUhNMG9nS0VJQ0FnSURBNGZITGN3EAE!2m1!1s0x0:0xa1d66f8d697880e6!3m1!1s2@1:CIHM0ogKEICAgIDA4fHLcw%7CCgwI_Nio1wUQwPG1tgI%7C?hl=ar,5,1525296252,05/02/2018 21:24:12,0,-6785113135436496666
"gym, Jeddah, Makkah, Saudi Arabia",ูุงุฏู ุจุงูุฏู,0x15c3d007617bf6cd:0xa1d66f8d697880e6,ChIJzfZ7YQfQwxUR5oB4aY1v1qE,"https://www.google.com/maps/place/%D9%86%D8%A7%D8%AF%D9%8A+%D8%A8%D8%A7%D9%82%D8%AF%D9%88/@21.5536276,39.1548315,14z/data=!4m8!1m2!2m1!1s%D9%86%D8%A7%D8%AF%D9%8A+%D8%A8%D8%A7%D9%82%D8%AF%D9%88!3m4!1s0x15c3d007617bf6cd:0xa1d66f8d697880e6!8m2!3d21.5536276!4d39.1548315","https://search.google.com/local/reviews?placeid=ChIJzfZ7YQfQwxUR5oB4aY1v1qE&q=gym,+Jeddah,+Makkah,+Saudi+Arabia&authuser=0&hl=ar&gl=SA","{""1"": 11, ""2"": 3, ""3"": 16, ""4"": 21, ""5"": 84}",4.2,ChdDSUhNMG9nS0VJQ0FnSURzNnRyWmdBRRAB,https://www.google.com/maps/contrib/113082080841238355130?hl=ar,ุนุจูุฑ ุงููุญูุงูู,113082080841238355130,https://lh3.googleusercontent.com/a/AATXAJyyMCrOpWrplNZl13Vd5dk5BJTbLHbLgume5E7s=s120-c-c0x00000000-cc-rp-mo-ba2-br100,ูุงุฏู ุฌุฏุง ุฑุงุฆุน ูุงูุชูุงุฑูู ูุชููุนู ูุงููุฏุฑุจุงุช ุฌุฏุง ููุชุงุฒูู,https://lh3.googleusercontent.com/a/AATXAJyyMCrOpWrplNZl13Vd5dk5BJTbLHbLgume5E7s,,,,https://www.google.com/maps/reviews/data=!4m8!14m7!1m6!2m5!1sChdDSUhNMG9nS0VJQ0FnSURzNnRyWmdBRRAB!2m1!1s0x0:0xa1d66f8d697880e6!3m1!1s2@1:CIHM0ogKEICAgIDs6trZgAE%7CCgwIpcLs8gUQsNX8-gI%7C?hl=ar,5,1583030565,03/01/2020 02:42:45,1,-6785113135436496666
"gym, Jeddah, Makkah, Saudi Arabia",ูุงุฏู ุจุงูุฏู,0x15c3d007617bf6cd:0xa1d66f8d697880e6,ChIJzfZ7YQfQwxUR5oB4aY1v1qE,"https://www.google.com/maps/place/%D9%86%D8%A7%D8%AF%D9%8A+%D8%A8%D8%A7%D9%82%D8%AF%D9%88/@21.5536276,39.1548315,14z/data=!4m8!1m2!2m1!1s%D9%86%D8%A7%D8%AF%D9%8A+%D8%A8%D8%A7%D9%82%D8%AF%D9%88!3m4!1s0x15c3d007617bf6cd:0xa1d66f8d697880e6!8m2!3d21.5536276!4d39.1548315","https://search.google.com/local/reviews?placeid=ChIJzfZ7YQfQwxUR5oB4aY1v1qE&q=gym,+Jeddah,+Makkah,+Saudi+Arabia&authuser=0&hl=ar&gl=SA","{""1"": 11, ""2"": 3, ""3"": 16, ""4"": 21, ""5"": 84}",4.2,ChZDSUhNMG9nS0VJQ0FnSUR5dkxMY1VBEAE,https://www.google.com/maps/contrib/116051483530258130128?hl=ar,ุนุจุฏุงูููุงุจ ุนูุฏ,116051483530258130128,https://lh3.googleusercontent.com/a/AATXAJz-FyZWvy_RGFtE58_z4sBH44z1LXuZwJqAfN7S=s120-c-c0x00000000-cc-rp-mo-ba5-br100,ุงูุฏูุชูุฑ ุงุณุงูุฉ ูุชููุฒ,https://lh3.googleusercontent.com/a/AATXAJz-FyZWvy_RGFtE58_z4sBH44z1LXuZwJqAfN7S,,,,https://www.google.com/maps/reviews/data=!4m8!14m7!1m6!2m5!1sChZDSUhNMG9nS0VJQ0FnSUR5dkxMY1VBEAE!2m1!1s0x0:0xa1d66f8d697880e6!3m1!1s2@1:CIHM0ogKEICAgIDyvLLcUA%7CCgwIsMTsgQYQ0MudvQI%7C?hl=ar,5,1614488112,02/28/2021 04:55:12,0,-6785113135436496666
"gym, Jeddah, Makkah, Saudi Arabia",ูุงุฏู ุจุงูุฏู,0x15c3d007617bf6cd:0xa1d66f8d697880e6,ChIJzfZ7YQfQwxUR5oB4aY1v1qE,"https://www.google.com/maps/place/%D9%86%D8%A7%D8%AF%D9%8A+%D8%A8%D8%A7%D9%82%D8%AF%D9%88/@21.5536276,39.1548315,14z/data=!4m8!1m2!2m1!1s%D9%86%D8%A7%D8%AF%D9%8A+%D8%A8%D8%A7%D9%82%D8%AF%D9%88!3m4!1s0x15c3d007617bf6cd:0xa1d66f8d697880e6!8m2!3d21.5536276!4d39.1548315","https://search.google.com/local/reviews?placeid=ChIJzfZ7YQfQwxUR5oB4aY1v1qE&q=gym,+Jeddah,+Makkah,+Saudi+Arabia&authuser=0&hl=ar&gl=SA","{""1"": 11, ""2"": 3, ""3"": 16, ""4"": 21, ""5"": 84}",4.2,ChdDSUhNMG9nS0VJQ0FnSUQwNC1PMzdRRRAB,https://www.google.com/maps/contrib/102870961097685559086?hl=ar,Abeer Fahed,102870961097685559086,https://lh3.googleusercontent.com/a/AATXAJzuTJJt-K42osTG4Dtr1uuhvXg2q7j0eu1N2EV6=s120-c-c0x00000000-cc-rp-mo-ba2-br100,ูุงุฏู ุฌุฏุง ุฑุงุฆุน ูุงูุชุฏุฑูุจ ุนูู ุงุนูู ูุณุชูู,https://lh3.googleusercontent.com/a/AATXAJzuTJJt-K42osTG4Dtr1uuhvXg2q7j0eu1N2EV6,,,,https://www.google.com/maps/reviews/data=!4m8!14m7!1m6!2m5!1sChdDSUhNMG9nS0VJQ0FnSUQwNC1PMzdRRRAB!2m1!1s0x0:0xa1d66f8d697880e6!3m1!1s2@1:CIHM0ogKEICAgID04-O37QE%7CCgwIsNTL7gUQ0KO_wQM%7C?hl=ar,5,1574103600,11/18/2019 19:00:00,0,-6785113135436496666
"gym, Jeddah, Makkah, Saudi Arabia",ูุงุฏู ุจุงูุฏู,0x15c3d007617bf6cd:0xa1d66f8d697880e6,ChIJzfZ7YQfQwxUR5oB4aY1v1qE,"https://www.google.com/maps/place/%D9%86%D8%A7%D8%AF%D9%8A+%D8%A8%D8%A7%D9%82%D8%AF%D9%88/@21.5536276,39.1548315,14z/data=!4m8!1m2!2m1!1s%D9%86%D8%A7%D8%AF%D9%8A+%D8%A8%D8%A7%D9%82%D8%AF%D9%88!3m4!1s0x15c3d007617bf6cd:0xa1d66f8d697880e6!8m2!3d21.5536276!4d39.1548315","https://search.google.com/local/reviews?placeid=ChIJzfZ7YQfQwxUR5oB4aY1v1qE&q=gym,+Jeddah,+Makkah,+Saudi+Arabia&authuser=0&hl=ar&gl=SA","{""1"": 11, ""2"": 3, ""3"": 16, ""4"": 21, ""5"": 84}",4.2,ChdDSUhNMG9nS0VJQ0FnSUN3MmZicGhRRRAB,https://www.google.com/maps/contrib/111143312117841662209?hl=ar,Dania Alsabouni,111143312117841662209,https://lh3.googleusercontent.com/a/AATXAJwd1Dl2MVb77oxlEv1rUpwvzOOdFfrdyT83LI9f=s120-c-c0x00000000-cc-rp-mo-ba4-br100,ุณุฌูุช ุจูุงุฏู ุฑูุงุถู ุฌูุฏ ูููู ุฑุงุฆุญุฉ ุงููุณุจุญ ูููุง ูููุฑ ููู,https://lh3.googleusercontent.com/a/AATXAJwd1Dl2MVb77oxlEv1rUpwvzOOdFfrdyT83LI9f,,,,https://www.google.com/maps/reviews/data=!4m8!14m7!1m6!2m5!1sChdDSUhNMG9nS0VJQ0FnSUN3MmZicGhRRRAB!2m1!1s0x0:0xa1d66f8d697880e6!3m1!1s2@1:CIHM0ogKEICAgICw2fbphQE%7CCgsIwIXy0QUQwPvLeQ%7C?hl=ar,4,1513915072,12/22/2017 03:57:52,0,-6785113135436496666
"gym, Jeddah, Makkah, Saudi Arabia",ูุงุฏู ุจุงูุฏู,0x15c3d007617bf6cd:0xa1d66f8d697880e6,ChIJzfZ7YQfQwxUR5oB4aY1v1qE,"https://www.google.com/maps/place/%D9%86%D8%A7%D8%AF%D9%8A+%D8%A8%D8%A7%D9%82%D8%AF%D9%88/@21.5536276,39.1548315,14z/data=!4m8!1m2!2m1!1s%D9%86%D8%A7%D8%AF%D9%8A+%D8%A8%D8%A7%D9%82%D8%AF%D9%88!3m4!1s0x15c3d007617bf6cd:0xa1d66f8d697880e6!8m2!3d21.5536276!4d39.1548315","https://search.google.com/local/reviews?placeid=ChIJzfZ7YQfQwxUR5oB4aY1v1qE&q=gym,+Jeddah,+Makkah,+Saudi+Arabia&authuser=0&hl=ar&gl=SA","{""1"": 11, ""2"": 3, ""3"": 16, ""4"": 21, ""5"": 84}",4.2,ChZDSUhNMG9nS0VJQ0FnSURjd3J2VlZnEAE,https://www.google.com/maps/contrib/109535849256418889499?hl=ar,Ghzaeyl Ali,109535849256418889499,https://lh3.googleusercontent.com/a-/AOh14GghQ75grOcq6ILtM_d8H-AhnDeGXc91hzni-HeYhA=s120-c-c0x00000000-cc-rp-mo-ba3-br100,ุฏุฎูุช ุนูุฏูู ุงุจุบู ุงุชุนูู ุณุจุงุญุฉ ููู ุณุฌูุช ุนุฑูุช ุงูู ุงููุณุจุญ ูู ุนููู ููุตู ููุต ุฌุณูู ุจุณ ' ุงูุชุจูู ูู ูุงูุดู ุจูุงุช ูุงูู ุญุชู ูู ุงููุฏุฑุจุฉ ูุงูุช ุนุงุฏู ุจุชูุฏุฑูู ุชุณุจุญูู ุจุงูุนููู ุจุนุฏูุง ูุฐุจ ุญุงููุช ูุฑุงุญุช ูููุณู ุน ุงููุงุถู๐,https://lh3.googleusercontent.com/a-/AOh14GghQ75grOcq6ILtM_d8H-AhnDeGXc91hzni-HeYhA,,,,https://www.google.com/maps/reviews/data=!4m8!14m7!1m6!2m5!1sChZDSUhNMG9nS0VJQ0FnSURjd3J2VlZnEAE!2m1!1s0x0:0xa1d66f8d697880e6!3m1!1s2@1:CIHM0ogKEICAgIDcwrvVVg%7CCgsI4L_T9gUQoP-1Nw%7C?hl=ar,1,1591009248,06/01/2020 11:00:48,2,-6785113135436496666
"gym, Jeddah, Makkah, Saudi Arabia",ูุงุฏู ุจุงูุฏู,0x15c3d007617bf6cd:0xa1d66f8d697880e6,ChIJzfZ7YQfQwxUR5oB4aY1v1qE,"https://www.google.com/maps/place/%D9%86%D8%A7%D8%AF%D9%8A+%D8%A8%D8%A7%D9%82%D8%AF%D9%88/@21.5536276,39.1548315,14z/data=!4m8!1m2!2m1!1s%D9%86%D8%A7%D8%AF%D9%8A+%D8%A8%D8%A7%D9%82%D8%AF%D9%88!3m4!1s0x15c3d007617bf6cd:0xa1d66f8d697880e6!8m2!3d21.5536276!4d39.1548315","https://search.google.com/local/reviews?placeid=ChIJzfZ7YQfQwxUR5oB4aY1v1qE&q=gym,+Jeddah,+Makkah,+Saudi+Arabia&authuser=0&hl=ar&gl=SA","{""1"": 11, ""2"": 3, ""3"": 16, ""4"": 21, ""5"": 84}",4.2,ChdDSUhNMG9nS0VJQ0FnSUNVN0t1dHlRRRAB,https://www.google.com/maps/contrib/109368350714415577031?hl=ar,ุฃุจู ุฒูุงุฏ,109368350714415577031,https://lh3.googleusercontent.com/a-/AOh14GhbFYgElW89UstU05XkCwZBxz0oDsCvYlVq2ED3yg=s120-c-c0x00000000-cc-rp-mo-ba4-br100,"ููู ุทุจูุจ ุนุงู ูุงูููู ุงูุทุจ.
ุฌุจุช ูู ุจูุชู ูุฎุฑู ุฃุฐุงููุงุ ููุนุจ ูููุง ูุฎุฑู ุฃูุซุฑู ูู ุฎุฑูุุ ูุขุฎุฑ ุดู ูููุง ูู ุฃูุงูู ุบูุฑ ุตุญูุญุฉ. ุงุณูู ุนุจุฏุงููู..",https://lh3.googleusercontent.com/a-/AOh14GhbFYgElW89UstU05XkCwZBxz0oDsCvYlVq2ED3yg,,,,https://www.google.com/maps/reviews/data=!4m8!14m7!1m6!2m5!1sChdDSUhNMG9nS0VJQ0FnSUNVN0t1dHlRRRAB!2m1!1s0x0:0xa1d66f8d697880e6!3m1!1s2@1:CIHM0ogKEICAgICU7KutyQE%7CCgwIj7XM6QUQwLC_rAI%7C?hl=ar,1,1563630223,07/20/2019 13:43:43,0,-6785113135436496666
"gym, Jeddah, Makkah, Saudi Arabia",ูุงุฏู ุจุงูุฏู,0x15c3d007617bf6cd:0xa1d66f8d697880e6,ChIJzfZ7YQfQwxUR5oB4aY1v1qE,"https://www.google.com/maps/place/%D9%86%D8%A7%D8%AF%D9%8A+%D8%A8%D8%A7%D9%82%D8%AF%D9%88/@21.5536276,39.1548315,14z/data=!4m8!1m2!2m1!1s%D9%86%D8%A7%D8%AF%D9%8A+%D8%A8%D8%A7%D9%82%D8%AF%D9%88!3m4!1s0x15c3d007617bf6cd:0xa1d66f8d697880e6!8m2!3d21.5536276!4d39.1548315","https://search.google.com/local/reviews?placeid=ChIJzfZ7YQfQwxUR5oB4aY1v1qE&q=gym,+Jeddah,+Makkah,+Saudi+Arabia&authuser=0&hl=ar&gl=SA","{""1"": 11, ""2"": 3, ""3"": 16, ""4"": 21, ""5"": 84}",4.2,ChdDSUhNMG9nS0VJQ0FnSUMwcmV2c3VRRRAB,https://www.google.com/maps/contrib/113064055244602661285?hl=ar,Samiah Jedaani,113064055244602661285,https://lh3.googleusercontent.com/a/AATXAJx86cHL_gq37SAE3DWDdo6nj3_3XBUv_S-mliV4=s120-c-c0x00000000-cc-rp-mo-ba2-br100,ููุงู ูุธูู ููุฑุชุจ ููู ุตุบูุฑ ุฌุฏุง ููุณุจุญ ุตุบูุฑ .,https://lh3.googleusercontent.com/a/AATXAJx86cHL_gq37SAE3DWDdo6nj3_3XBUv_S-mliV4,,,,https://www.google.com/maps/reviews/data=!4m8!14m7!1m6!2m5!1sChdDSUhNMG9nS0VJQ0FnSUMwcmV2c3VRRRAB!2m1!1s0x0:0xa1d66f8d697880e6!3m1!1s2@1:CIHM0ogKEICAgIC0revsuQE%7CCgwI7cfo7AUQ-LG6uwM%7C?hl=ar,3,1570382829,10/06/2019 17:27:09,0,-6785113135436496666
"gym, Jeddah, Makkah, Saudi Arabia",ูุงุฏู ุจุงูุฏู,0x15c3d007617bf6cd:0xa1d66f8d697880e6,ChIJzfZ7YQfQwxUR5oB4aY1v1qE,"https://www.google.com/maps/place/%D9%86%D8%A7%D8%AF%D9%8A+%D8%A8%D8%A7%D9%82%D8%AF%D9%88/@21.5536276,39.1548315,14z/data=!4m8!1m2!2m1!1s%D9%86%D8%A7%D8%AF%D9%8A+%D8%A8%D8%A7%D9%82%D8%AF%D9%88!3m4!1s0x15c3d007617bf6cd:0xa1d66f8d697880e6!8m2!3d21.5536276!4d39.1548315","https://search.google.com/local/reviews?placeid=ChIJzfZ7YQfQwxUR5oB4aY1v1qE&q=gym,+Jeddah,+Makkah,+Saudi+Arabia&authuser=0&hl=ar&gl=SA","{""1"": 11, ""2"": 3, ""3"": 16, ""4"": 21, ""5"": 84}",4.2,ChZDSUhNMG9nS0VJQ0FnSURtMF9mblJREAE,https://www.google.com/maps/contrib/111756950588900289441?hl=ar,Meditation Meditation,111756950588900289441,https://lh3.googleusercontent.com/a/AATXAJxTYInmMWo6_NqPefE46EvAPtLL5IbM-ew4COcK=s120-c-c0x00000000-cc-rp-mo-ba5-br100,ุฌูุฏ,https://lh3.googleusercontent.com/a/AATXAJxTYInmMWo6_NqPefE46EvAPtLL5IbM-ew4COcK,,,,https://www.google.com/maps/reviews/data=!4m5!14m4!1m3!1m2!1s111756950588900289441!2s0x0:0xa1d66f8d697880e6?hl=ar,3,1644335319,02/08/2022 15:48:39,0,-6785113135436496666
"gym, Jeddah, Makkah, Saudi Arabia",ูุงุฏู ุจุงูุฏู,0x15c3d007617bf6cd:0xa1d66f8d697880e6,ChIJzfZ7YQfQwxUR5oB4aY1v1qE,"https://www.google.com/maps/place/%D9%86%D8%A7%D8%AF%D9%8A+%D8%A8%D8%A7%D9%82%D8%AF%D9%88/@21.5536276,39.1548315,14z/data=!4m8!1m2!2m1!1s%D9%86%D8%A7%D8%AF%D9%8A+%D8%A8%D8%A7%D9%82%D8%AF%D9%88!3m4!1s0x15c3d007617bf6cd:0xa1d66f8d697880e6!8m2!3d21.5536276!4d39.1548315","https://search.google.com/local/reviews?placeid=ChIJzfZ7YQfQwxUR5oB4aY1v1qE&q=gym,+Jeddah,+Makkah,+Saudi+Arabia&authuser=0&hl=ar&gl=SA","{""1"": 11, ""2"": 3, ""3"": 16, ""4"": 21, ""5"": 84}",4.2,ChdDSUhNMG9nS0VJQ0FnSUNzc0lfVjl3RRAB,https://www.google.com/maps/contrib/113132595131870656788?hl=ar,ุงูุงุก ูุงุฌุฏ,113132595131870656788,https://lh3.googleusercontent.com/a/AATXAJxi-t593wbNESvwOkP2RJQkffDwJXEua12PYZnf=s120-c-c0x00000000-cc-rp-mo-ba2-br100,ุงุฌูู ูุงุฏู ุจุฌุฏู ูุงุฌูู ูุฏุฑุจุงุช,https://lh3.googleusercontent.com/a/AATXAJxi-t593wbNESvwOkP2RJQkffDwJXEua12PYZnf,,,,https://www.google.com/maps/reviews/data=!4m5!14m4!1m3!1m2!1s113132595131870656788!2s0x0:0xa1d66f8d697880e6?hl=ar,5,1579447514,01/19/2020 15:25:14,0,-6785113135436496666
"gym, Jeddah, Makkah, Saudi Arabia",ูุงุฏู ุจุงูุฏู,0x15c3d007617bf6cd:0xa1d66f8d697880e6,ChIJzfZ7YQfQwxUR5oB4aY1v1qE,"https://www.google.com/maps/place/%D9%86%D8%A7%D8%AF%D9%8A+%D8%A8%D8%A7%D9%82%D8%AF%D9%88/@21.5536276,39.1548315,14z/data=!4m8!1m2!2m1!1s%D9%86%D8%A7%D8%AF%D9%8A+%D8%A8%D8%A7%D9%82%D8%AF%D9%88!3m4!1s0x15c3d007617bf6cd:0xa1d66f8d697880e6!8m2!3d21.5536276!4d39.1548315","https://search.google.com/local/reviews?placeid=ChIJzfZ7YQfQwxUR5oB4aY1v1qE&q=gym,+Jeddah,+Makkah,+Saudi+Arabia&authuser=0&hl=ar&gl=SA","{""1"": 11, ""2"": 3, ""3"": 16, ""4"": 21, ""5"": 84}",4.2,ChZDSUhNMG9nS0VJQ0FnSUR5dkxMY1VBEAE,https://www.google.com/maps/contrib/116051483530258130128?hl=ar,ุนุจุฏุงูููุงุจ ุนูุฏ,116051483530258130128,https://lh3.googleusercontent.com/a/AATXAJz-FyZWvy_RGFtE58_z4sBH44z1LXuZwJqAfN7S=s120-c-c0x00000000-cc-rp-mo-ba5-br100,ุงูุฏูุชูุฑ ุงุณุงูุฉ ูุชููุฒ,https://lh3.googleusercontent.com/a/AATXAJz-FyZWvy_RGFtE58_z4sBH44z1LXuZwJqAfN7S,,,,https://www.google.com/maps/reviews/data=!4m5!14m4!1m3!1m2!1s116051483530258130128!2s0x0:0xa1d66f8d697880e6?hl=ar,5,1614488112,02/28/2021 04:55:12,0,-6785113135436496666
"gym, Jeddah, Makkah, Saudi Arabia",ูุงุฏู ุจุงูุฏู,0x15c3d007617bf6cd:0xa1d66f8d697880e6,ChIJzfZ7YQfQwxUR5oB4aY1v1qE,"https://www.google.com/maps/place/%D9%86%D8%A7%D8%AF%D9%8A+%D8%A8%D8%A7%D9%82%D8%AF%D9%88/@21.5536276,39.1548315,14z/data=!4m8!1m2!2m1!1s%D9%86%D8%A7%D8%AF%D9%8A+%D8%A8%D8%A7%D9%82%D8%AF%D9%88!3m4!1s0x15c3d007617bf6cd:0xa1d66f8d697880e6!8m2!3d21.5536276!4d39.1548315","https://search.google.com/local/reviews?placeid=ChIJzfZ7YQfQwxUR5oB4aY1v1qE&q=gym,+Jeddah,+Makkah,+Saudi+Arabia&authuser=0&hl=ar&gl=SA","{""1"": 11, ""2"": 3, ""3"": 16, ""4"": 21, ""5"": 84}",4.2,ChdDSUhNMG9nS0VJQ0FnSURTbllfbXBnRRAB,https://www.google.com/maps/contrib/100397661667173304509?hl=ar,Amal Zolaly,100397661667173304509,https://lh3.googleusercontent.com/a-/AOh14Gg8GBfStPmw8zVXLk3_aqdcSrzRB4RoNk3ry1bL-w=s120-c-c0x00000000-cc-rp-mo-ba5-br100,ูุญุชุงุฌู ุง ุนูู ุนุฑูุถ ููููุธูุงุช,https://lh3.googleusercontent.com/a-/AOh14Gg8GBfStPmw8zVXLk3_aqdcSrzRB4RoNk3ry1bL-w,,,,https://www.google.com/maps/reviews/data=!4m5!14m4!1m3!1m2!1s100397661667173304509!2s0x0:0xa1d66f8d697880e6?hl=ar,5,1609864943,01/05/2021 16:42:23,0,-6785113135436496666
"gym, Jeddah, Makkah, Saudi Arabia",ูุงุฏู ุจุงูุฏู,0x15c3d007617bf6cd:0xa1d66f8d697880e6,ChIJzfZ7YQfQwxUR5oB4aY1v1qE,"https://www.google.com/maps/place/%D9%86%D8%A7%D8%AF%D9%8A+%D8%A8%D8%A7%D9%82%D8%AF%D9%88/@21.5536276,39.1548315,14z/data=!4m8!1m2!2m1!1s%D9%86%D8%A7%D8%AF%D9%8A+%D8%A8%D8%A7%D9%82%D8%AF%D9%88!3m4!1s0x15c3d007617bf6cd:0xa1d66f8d697880e6!8m2!3d21.5536276!4d39.1548315","https://search.google.com/local/reviews?placeid=ChIJzfZ7YQfQwxUR5oB4aY1v1qE&q=gym,+Jeddah,+Makkah,+Saudi+Arabia&authuser=0&hl=ar&gl=SA","{""1"": 11, ""2"": 3, ""3"": 16, ""4"": 21, ""5"": 84}",4.2,ChdDSUhNMG9nS0VJQ0FnSURZaktfWndBRRAB,https://www.google.com/maps/contrib/105209414160765294512?hl=ar,Nessrin 99,105209414160765294512,https://lh3.googleusercontent.com/a-/AOh14GiQ5Dxfceyy7hMz7EzHu9zEG61FvXamCPcWs6bhcw=s120-c-c0x00000000-cc-rp-mo-ba4-br100,ูู ุณุนุฑ ุงูุงุดุชุฑุงู ุจุงูุดูุฑ,https://lh3.googleusercontent.com/a-/AOh14GiQ5Dxfceyy7hMz7EzHu9zEG61FvXamCPcWs6bhcw,,,,https://www.google.com/maps/reviews/data=!4m5!14m4!1m3!1m2!1s105209414160765294512!2s0x0:0xa1d66f8d697880e6?hl=ar,5,1556785631,05/02/2019 08:27:11,1,-6785113135436496666
"gym, Jeddah, Makkah, Saudi Arabia",ูุงุฏู ุจุงูุฏู,0x15c3d007617bf6cd:0xa1d66f8d697880e6,ChIJzfZ7YQfQwxUR5oB4aY1v1qE,"https://www.google.com/maps/place/%D9%86%D8%A7%D8%AF%D9%8A+%D8%A8%D8%A7%D9%82%D8%AF%D9%88/@21.5536276,39.1548315,14z/data=!4m8!1m2!2m1!1s%D9%86%D8%A7%D8%AF%D9%8A+%D8%A8%D8%A7%D9%82%D8%AF%D9%88!3m4!1s0x15c3d007617bf6cd:0xa1d66f8d697880e6!8m2!3d21.5536276!4d39.1548315","https://search.google.com/local/reviews?placeid=ChIJzfZ7YQfQwxUR5oB4aY1v1qE&q=gym,+Jeddah,+Makkah,+Saudi+Arabia&authuser=0&hl=ar&gl=SA","{""1"": 11, ""2"": 3, ""3"": 16, ""4"": 21, ""5"": 84}",4.2,ChdDSUhNMG9nS0VJQ0FnSUNBNjZLTGxBRRAB,https://www.google.com/maps/contrib/110577087230133400868?hl=ar,Mohammed Bazi,110577087230133400868,https://lh3.googleusercontent.com/a/AATXAJzzO6cvY4d7ZVtR53QpTPjZ52KV-1CC4CypEVoz=s120-c-c0x00000000-cc-rp-mo-ba3-br100,ููุชุงุฒ ููู ุงูุงุณุนุงุฑ ูุฑุชูุนู ุดูู,https://lh3.googleusercontent.com/a/AATXAJzzO6cvY4d7ZVtR53QpTPjZ52KV-1CC4CypEVoz,,,,https://www.google.com/maps/reviews/data=!4m5!14m4!1m3!1m2!1s110577087230133400868!2s0x0:0xa1d66f8d697880e6?hl=ar,3,1532488198,07/25/2018 03:09:58,0,-6785113135436496666
"gym, Jeddah, Makkah, Saudi Arabia",ูุงุฏู ุจุงูุฏู,0x15c3d007617bf6cd:0xa1d66f8d697880e6,ChIJzfZ7YQfQwxUR5oB4aY1v1qE,"https://www.google.com/maps/place/%D9%86%D8%A7%D8%AF%D9%8A+%D8%A8%D8%A7%D9%82%D8%AF%D9%88/@21.5536276,39.1548315,14z/data=!4m8!1m2!2m1!1s%D9%86%D8%A7%D8%AF%D9%8A+%D8%A8%D8%A7%D9%82%D8%AF%D9%88!3m4!1s0x15c3d007617bf6cd:0xa1d66f8d697880e6!8m2!3d21.5536276!4d39.1548315","https://search.google.com/local/reviews?placeid=ChIJzfZ7YQfQwxUR5oB4aY1v1qE&q=gym,+Jeddah,+Makkah,+Saudi+Arabia&authuser=0&hl=ar&gl=SA","{""1"": 11, ""2"": 3, ""3"": 16, ""4"": 21, ""5"": 84}",4.2,ChdDSUhNMG9nS0VJQ0FnSURZeE9laG53RRAB,https://www.google.com/maps/contrib/117191946341850226209?hl=ar,layla jaadan,117191946341850226209,https://lh3.googleusercontent.com/a-/AOh14GgqOVIWX3XLLMtZRUe8tM4jFgy_PGkvhE-L7JwV=s120-c-c0x00000000-cc-rp-mo-ba4-br100,ููุชุงุฒ ููุธูู ููุฑุชุจ ุฌุฏุง,https://lh3.googleusercontent.com/a-/AOh14GgqOVIWX3XLLMtZRUe8tM4jFgy_PGkvhE-L7JwV,,,,https://www.google.com/maps/reviews/data=!4m5!14m4!1m3!1m2!1s117191946341850226209!2s0x0:0xa1d66f8d697880e6?hl=ar,5,1556582479,04/30/2019 00:01:19,0,-6785113135436496666
"gym, Jeddah, Makkah, Saudi Arabia",ูุงุฏู ุจุงูุฏู,0x15c3d007617bf6cd:0xa1d66f8d697880e6,ChIJzfZ7YQfQwxUR5oB4aY1v1qE,"https://www.google.com/maps/place/%D9%86%D8%A7%D8%AF%D9%8A+%D8%A8%D8%A7%D9%82%D8%AF%D9%88/@21.5536276,39.1548315,14z/data=!4m8!1m2!2m1!1s%D9%86%D8%A7%D8%AF%D9%8A+%D8%A8%D8%A7%D9%82%D8%AF%D9%88!3m4!1s0x15c3d007617bf6cd:0xa1d66f8d697880e6!8m2!3d21.5536276!4d39.1548315","https://search.google.com/local/reviews?placeid=ChIJzfZ7YQfQwxUR5oB4aY1v1qE&q=gym,+Jeddah,+Makkah,+Saudi+Arabia&authuser=0&hl=ar&gl=SA","{""1"": 11, ""2"": 3, ""3"": 16, ""4"": 21, ""5"": 84}",4.2,ChdDSUhNMG9nS0VJQ0FnSUNBMkliTDRBRRAB,https://www.google.com/maps/contrib/109775143104736471386?hl=ar,ูุดุนู ุงูุฒูุฑุงูู,109775143104736471386,https://lh3.googleusercontent.com/a-/AOh14GiG34nnHzf3Seah0W0LzaT_bvvTXCQXoRhuTOhHwJ0=s120-c-c0x00000000-cc-rp-mo-ba3-br100,ููุชุงุฒ ููุชุณุน ูุนุฏุฏ ูุจูุฑ,https://lh3.googleusercontent.com/a-/AOh14GiG34nnHzf3Seah0W0LzaT_bvvTXCQXoRhuTOhHwJ0,,,,https://www.google.com/maps/reviews/data=!4m5!14m4!1m3!1m2!1s109775143104736471386!2s0x0:0xa1d66f8d697880e6?hl=ar,4,1534229557,08/14/2018 06:52:37,0,-6785113135436496666
"gym, Jeddah, Makkah, Saudi Arabia",ูุงุฏู ุจุงูุฏู,0x15c3d007617bf6cd:0xa1d66f8d697880e6,ChIJzfZ7YQfQwxUR5oB4aY1v1qE,"https://www.google.com/maps/place/%D9%86%D8%A7%D8%AF%D9%8A+%D8%A8%D8%A7%D9%82%D8%AF%D9%88/@21.5536276,39.1548315,14z/data=!4m8!1m2!2m1!1s%D9%86%D8%A7%D8%AF%D9%8A+%D8%A8%D8%A7%D9%82%D8%AF%D9%88!3m4!1s0x15c3d007617bf6cd:0xa1d66f8d697880e6!8m2!3d21.5536276!4d39.1548315","https://search.google.com/local/reviews?placeid=ChIJzfZ7YQfQwxUR5oB4aY1v1qE&q=gym,+Jeddah,+Makkah,+Saudi+Arabia&authuser=0&hl=ar&gl=SA","{""1"": 11, ""2"": 3, ""3"": 16, ""4"": 21, ""5"": 84}",4.2,ChdDSUhNMG9nS0VJQ0FnSUM0LTUyS2t3RRAB,https://www.google.com/maps/contrib/105720747469402197101?hl=ar,ูููู ุงูุงุญูุฏู,105720747469402197101,https://lh3.googleusercontent.com/a-/AOh14Giew_mljC5pls4aQLLZK77rfVBbspXBuGuabH_n=s120-c-c0x00000000-cc-rp-mo-br100,ุจูู ุงุดุชุฑุงู ุดูุฑ,https://lh3.googleusercontent.com/a-/AOh14Giew_mljC5pls4aQLLZK77rfVBbspXBuGuabH_n,,,,https://www.google.com/maps/reviews/data=!4m5!14m4!1m3!1m2!1s105720747469402197101!2s0x0:0xa1d66f8d697880e6?hl=ar,1,1560299938,06/12/2019 00:38:58,0,-6785113135436496666
"gym, Jeddah, Makkah, Saudi Arabia",ูุงุฏู ุจุงูุฏู,0x15c3d007617bf6cd:0xa1d66f8d697880e6,ChIJzfZ7YQfQwxUR5oB4aY1v1qE,"https://www.google.com/maps/place/%D9%86%D8%A7%D8%AF%D9%8A+%D8%A8%D8%A7%D9%82%D8%AF%D9%88/@21.5536276,39.1548315,14z/data=!4m8!1m2!2m1!1s%D9%86%D8%A7%D8%AF%D9%8A+%D8%A8%D8%A7%D9%82%D8%AF%D9%88!3m4!1s0x15c3d007617bf6cd:0xa1d66f8d697880e6!8m2!3d21.5536276!4d39.1548315","https://search.google.com/local/reviews?placeid=ChIJzfZ7YQfQwxUR5oB4aY1v1qE&q=gym,+Jeddah,+Makkah,+Saudi+Arabia&authuser=0&hl=ar&gl=SA","{""1"": 11, ""2"": 3, ""3"": 16, ""4"": 21, ""5"": 84}",4.2,ChZDSUhNMG9nS0VJQ0FnSURzdHBUQ1VREAE,https://www.google.com/maps/contrib/105301932059006894937?hl=ar,BeEBoOz zOZo,105301932059006894937,https://lh3.googleusercontent.com/a-/AOh14GiBS8T770YzIbLbmrWJ9HbGmoJij_iWqqWUtbgl=s120-c-c0x00000000-cc-rp-mo-ba4-br100,ุนุดู ูุง ููุชูู ููุตุญุฉ,https://lh3.googleusercontent.com/a-/AOh14GiBS8T770YzIbLbmrWJ9HbGmoJij_iWqqWUtbgl,,,,https://www.google.com/maps/reviews/data=!4m5!14m4!1m3!1m2!1s105301932059006894937!2s0x0:0xa1d66f8d697880e6?hl=ar,5,1583244015,03/03/2020 14:00:15,0,-6785113135436496666
"gym, Jeddah, Makkah, Saudi Arabia",ูุงุฏู ุจุงูุฏู,0x15c3d007617bf6cd:0xa1d66f8d697880e6,ChIJzfZ7YQfQwxUR5oB4aY1v1qE,"https://www.google.com/maps/place/%D9%86%D8%A7%D8%AF%D9%8A+%D8%A8%D8%A7%D9%82%D8%AF%D9%88/@21.5536276,39.1548315,14z/data=!4m8!1m2!2m1!1s%D9%86%D8%A7%D8%AF%D9%8A+%D8%A8%D8%A7%D9%82%D8%AF%D9%88!3m4!1s0x15c3d007617bf6cd:0xa1d66f8d697880e6!8m2!3d21.5536276!4d39.1548315","https://search.google.com/local/reviews?placeid=ChIJzfZ7YQfQwxUR5oB4aY1v1qE&q=gym,+Jeddah,+Makkah,+Saudi+Arabia&authuser=0&hl=ar&gl=SA","{""1"": 11, ""2"": 3, ""3"": 16, ""4"": 21, ""5"": 84}",4.2,ChZDSUhNMG9nS0VJQ0FnSURTaF9XRUdBEAE,https://www.google.com/maps/contrib/117030348507300712898?hl=ar,Moe saadiah,117030348507300712898,https://lh3.googleusercontent.com/a-/AOh14GigU1ItyAw11jEcqrYMRG0NmRY5fsV0_mW4iZ73q-Q=s120-c-c0x00000000-cc-rp-mo-ba4-br100,ูุญุชุงุฌ ุฏุฑุงุณุฉ ููุฃุณุนุงุฑ,https://lh3.googleusercontent.com/a-/AOh14GigU1ItyAw11jEcqrYMRG0NmRY5fsV0_mW4iZ73q-Q,,,,https://www.google.com/maps/reviews/data=!4m8!14m7!1m6!2m5!1sChZDSUhNMG9nS0VJQ0FnSURTaF9XRUdBEAE!2m1!1s0x0:0xa1d66f8d697880e6!3m1!1s2@1:CIHM0ogKEICAgIDSh_WEGA%7CCgwI15jx_wUQqJiq_AI%7C?hl=ar,4,1610370135,01/11/2021 13:02:15,0,-6785113135436496666
"gym, Jeddah, Makkah, Saudi Arabia",ูุงุฏู ุจุงูุฏู,0x15c3d007617bf6cd:0xa1d66f8d697880e6,ChIJzfZ7YQfQwxUR5oB4aY1v1qE,"https://www.google.com/maps/place/%D9%86%D8%A7%D8%AF%D9%8A+%D8%A8%D8%A7%D9%82%D8%AF%D9%88/@21.5536276,39.1548315,14z/data=!4m8!1m2!2m1!1s%D9%86%D8%A7%D8%AF%D9%8A+%D8%A8%D8%A7%D9%82%D8%AF%D9%88!3m4!1s0x15c3d007617bf6cd:0xa1d66f8d697880e6!8m2!3d21.5536276!4d39.1548315","https://search.google.com/local/reviews?placeid=ChIJzfZ7YQfQwxUR5oB4aY1v1qE&q=gym,+Jeddah,+Makkah,+Saudi+Arabia&authuser=0&hl=ar&gl=SA","{""1"": 11, ""2"": 3, ""3"": 16, ""4"": 21, ""5"": 84}",4.2,ChdDSUhNMG9nS0VJQ0FnSUM4c09lVTB3RRAB,https://www.google.com/maps/contrib/117489177691794878796?hl=ar,Sun One,117489177691794878796,https://lh3.googleusercontent.com/a/AATXAJxXp2UjI_NRp-4kE6Wk26EnIrnz-GG-_fQfk5sR=s120-c-c0x00000000-cc-rp-mo-ba3-br100,ูููุฒ ุดุจู ูุชูุณุท,https://lh3.googleusercontent.com/a/AATXAJxXp2UjI_NRp-4kE6Wk26EnIrnz-GG-_fQfk5sR,,,,https://www.google.com/maps/reviews/data=!4m8!14m7!1m6!2m5!1sChdDSUhNMG9nS0VJQ0FnSUM4c09lVTB3RRAB!2m1!1s0x0:0xa1d66f8d697880e6!3m1!1s2@1:CIHM0ogKEICAgIC8sOeU0wE%7CCgsIovjA9wUQuJ_eQQ%7C?hl=ar,5,1592802338,06/22/2020 05:05:38,0,-6785113135436496666
"gym, Jeddah, Makkah, Saudi Arabia",ูุงุฏู ุจุงูุฏู,0x15c3d007617bf6cd:0xa1d66f8d697880e6,ChIJzfZ7YQfQwxUR5oB4aY1v1qE,"https://www.google.com/maps/place/%D9%86%D8%A7%D8%AF%D9%8A+%D8%A8%D8%A7%D9%82%D8%AF%D9%88/@21.5536276,39.1548315,14z/data=!4m8!1m2!2m1!1s%D9%86%D8%A7%D8%AF%D9%8A+%D8%A8%D8%A7%D9%82%D8%AF%D9%88!3m4!1s0x15c3d007617bf6cd:0xa1d66f8d697880e6!8m2!3d21.5536276!4d39.1548315","https://search.google.com/local/reviews?placeid=ChIJzfZ7YQfQwxUR5oB4aY1v1qE&q=gym,+Jeddah,+Makkah,+Saudi+Arabia&authuser=0&hl=ar&gl=SA","{""1"": 11, ""2"": 3, ""3"": 16, ""4"": 21, ""5"": 84}",4.2,ChdDSUhNMG9nS0VJQ0FnSUNJX0lMU3RBRRAB,https://www.google.com/maps/contrib/108056975948606158563?hl=ar,Mai Felinban,108056975948606158563,https://lh3.googleusercontent.com/a-/AOh14Gh8Kbt5YRu2hSZqucAVg7lfp1r-ozSc2fu86wp2YQ=s120-c-c0x00000000-cc-rp-mo-ba4-br100,ุฌุฏุง ุตุบูุฑ,https://lh3.googleusercontent.com/a-/AOh14Gh8Kbt5YRu2hSZqucAVg7lfp1r-ozSc2fu86wp2YQ,,,,https://www.google.com/maps/reviews/data=!4m8!14m7!1m6!2m5!1sChdDSUhNMG9nS0VJQ0FnSUNJX0lMU3RBRRAB!2m1!1s0x0:0xa1d66f8d697880e6!3m1!1s2@1:CIHM0ogKEICAgICI_ILStAE%7CCgwIs6nw3gUQ5IGjhQM%7C?hl=ar,3,1541149875,11/02/2018 09:11:15,0,-6785113135436496666
"gym, Jeddah, Makkah, Saudi Arabia",ูุงุฏู ุจุงูุฏู,0x15c3d007617bf6cd:0xa1d66f8d697880e6,ChIJzfZ7YQfQwxUR5oB4aY1v1qE,"https://www.google.com/maps/place/%D9%86%D8%A7%D8%AF%D9%8A+%D8%A8%D8%A7%D9%82%D8%AF%D9%88/@21.5536276,39.1548315,14z/data=!4m8!1m2!2m1!1s%D9%86%D8%A7%D8%AF%D9%8A+%D8%A8%D8%A7%D9%82%D8%AF%D9%88!3m4!1s0x15c3d007617bf6cd:0xa1d66f8d697880e6!8m2!3d21.5536276!4d39.1548315","https://search.google.com/local/reviews?placeid=ChIJzfZ7YQfQwxUR5oB4aY1v1qE&q=gym,+Jeddah,+Makkah,+Saudi+Arabia&authuser=0&hl=ar&gl=SA","{""1"": 11, ""2"": 3, ""3"": 16, ""4"": 21, ""5"": 84}",4.2,ChZDSUhNMG9nS0VJQ0FnSURJbGZyY0lnEAE,https://www.google.com/maps/contrib/114042702634417491365?hl=ar,Najat Nassar,114042702634417491365,https://lh3.googleusercontent.com/a-/AOh14GhnXS8HwkRSoMf9s1_gRhUYDFcuuWwOyqJZ-7BC9g=s120-c-c0x00000000-cc-rp-mo-br100,ุฌูุฏ ุนูู ุงูุตุนูุฏ ุงููุญูู,https://lh3.googleusercontent.com/a-/AOh14GhnXS8HwkRSoMf9s1_gRhUYDFcuuWwOyqJZ-7BC9g,,,,https://www.google.com/maps/reviews/data=!4m8!14m7!1m6!2m5!1sChZDSUhNMG9nS0VJQ0FnSURJbGZyY0lnEAE!2m1!1s0x0:0xa1d66f8d697880e6!3m1!1s2@1:CIHM0ogKEICAgIDIlfrcIg%7CCgwI_-3v4QUQ0ZiyywM%7C?hl=ar,4,1547433727,01/14/2019 02:42:07,1,-6785113135436496666
"gym, Jeddah, Makkah, Saudi Arabia",ูุงุฏู ุจุงูุฏู,0x15c3d007617bf6cd:0xa1d66f8d697880e6,ChIJzfZ7YQfQwxUR5oB4aY1v1qE,"https://www.google.com/maps/place/%D9%86%D8%A7%D8%AF%D9%8A+%D8%A8%D8%A7%D9%82%D8%AF%D9%88/@21.5536276,39.1548315,14z/data=!4m8!1m2!2m1!1s%D9%86%D8%A7%D8%AF%D9%8A+%D8%A8%D8%A7%D9%82%D8%AF%D9%88!3m4!1s0x15c3d007617bf6cd:0xa1d66f8d697880e6!8m2!3d21.5536276!4d39.1548315","https://search.google.com/local/reviews?placeid=ChIJzfZ7YQfQwxUR5oB4aY1v1qE&q=gym,+Jeddah,+Makkah,+Saudi+Arabia&authuser=0&hl=ar&gl=SA","{""1"": 11, ""2"": 3, ""3"": 16, ""4"": 21, ""5"": 84}",4.2,ChZDSUhNMG9nS0VJQ0FnSUNzcWF5bU5BEAE,https://www.google.com/maps/contrib/117990502319908940867?hl=ar,hayat hassan,117990502319908940867,https://lh3.googleusercontent.com/a/AATXAJwWzZFYb2fsKXhy2GBKmO0dKxLkwW_qlYMXzjpPwLM=s120-c-c0x00000000-cc-rp-mo-ba3-br100,ุงูุถู ููุงู,https://lh3.googleusercontent.com/a/AATXAJwWzZFYb2fsKXhy2GBKmO0dKxLkwW_qlYMXzjpPwLM,,,,https://www.google.com/maps/reviews/data=!4m8!14m7!1m6!2m5!1sChZDSUhNMG9nS0VJQ0FnSUNzcWF5bU5BEAE!2m1!1s0x0:0xa1d66f8d697880e6!3m1!1s2@1:CIHM0ogKEICAgICsqaymNA%7CCgsIvPzw8QUQgLOdRA%7C?hl=ar,5,1581006396,02/06/2020 16:26:36,0,-6785113135436496666
"gym, Jeddah, Makkah, Saudi Arabia",ูุงุฏู ุจุงูุฏู,0x15c3d007617bf6cd:0xa1d66f8d697880e6,ChIJzfZ7YQfQwxUR5oB4aY1v1qE,"https://www.google.com/maps/place/%D9%86%D8%A7%D8%AF%D9%8A+%D8%A8%D8%A7%D9%82%D8%AF%D9%88/@21.5536276,39.1548315,14z/data=!4m8!1m2!2m1!1s%D9%86%D8%A7%D8%AF%D9%8A+%D8%A8%D8%A7%D9%82%D8%AF%D9%88!3m4!1s0x15c3d007617bf6cd:0xa1d66f8d697880e6!8m2!3d21.5536276!4d39.1548315","https://search.google.com/local/reviews?placeid=ChIJzfZ7YQfQwxUR5oB4aY1v1qE&q=gym,+Jeddah,+Makkah,+Saudi+Arabia&authuser=0&hl=ar&gl=SA","{""1"": 11, ""2"": 3, ""3"": 16, ""4"": 21, ""5"": 84}",4.2,ChZDSUhNMG9nS0VJQ0FnSUNvb3JTc1dnEAE,https://www.google.com/maps/contrib/105069110711607393607?hl=ar,Mary Mohammed,105069110711607393607,https://lh3.googleusercontent.com/a-/AOh14GjzjYW0N2-vfElGsNVLgNfxuYlJ1SDiPfaJ3OczKw=s120-c-c0x00000000-cc-rp-mo-ba4-br100,ุงูุตุญ ููู ุฑูุนู,https://lh3.googleusercontent.com/a-/AOh14GjzjYW0N2-vfElGsNVLgNfxuYlJ1SDiPfaJ3OczKw,,,,https://www.google.com/maps/reviews/data=!4m8!14m7!1m6!2m5!1sChZDSUhNMG9nS0VJQ0FnSUNvb3JTc1dnEAE!2m1!1s0x0:0xa1d66f8d697880e6!3m1!1s2@1:CIHM0ogKEICAgICoorSsWg%7CCgwIvqLz4gUQuLretQM%7C?hl=ar,5,1549586750,02/08/2019 00:45:50,0,-6785113135436496666
"gym, Jeddah, Makkah, Saudi Arabia",ูุงุฏู ุจุงูุฏู,0x15c3d007617bf6cd:0xa1d66f8d697880e6,ChIJzfZ7YQfQwxUR5oB4aY1v1qE,"https://www.google.com/maps/place/%D9%86%D8%A7%D8%AF%D9%8A+%D8%A8%D8%A7%D9%82%D8%AF%D9%88/@21.5536276,39.1548315,14z/data=!4m8!1m2!2m1!1s%D9%86%D8%A7%D8%AF%D9%8A+%D8%A8%D8%A7%D9%82%D8%AF%D9%88!3m4!1s0x15c3d007617bf6cd:0xa1d66f8d697880e6!8m2!3d21.5536276!4d39.1548315","https://search.google.com/local/reviews?placeid=ChIJzfZ7YQfQwxUR5oB4aY1v1qE&q=gym,+Jeddah,+Makkah,+Saudi+Arabia&authuser=0&hl=ar&gl=SA","{""1"": 11, ""2"": 3, ""3"": 16, ""4"": 21, ""5"": 84}",4.2,ChZDSUhNMG9nS0VJQ0FnSUMwLVlEdlJBEAE,https://www.google.com/maps/contrib/101235766639976360168?hl=ar,DrNailah Alalimi,101235766639976360168,https://lh3.googleusercontent.com/a/AATXAJz47KhM51gdiNF4XahF14YJTTMRIEK_dDDI8539=s120-c-c0x00000000-cc-rp-mo-ba4-br100,ุฑุงุฆุน,https://lh3.googleusercontent.com/a/AATXAJz47KhM51gdiNF4XahF14YJTTMRIEK_dDDI8539,,,,https://www.google.com/maps/reviews/data=!4m8!14m7!1m6!2m5!1sChZDSUhNMG9nS0VJQ0FnSUMwLVlEdlJBEAE!2m1!1s0x0:0xa1d66f8d697880e6!3m1!1s2@1:CIHM0ogKEICAgIC0-YDvRA%7CCgsI-4fX7AUQ8OKUOQ%7C?hl=ar,5,1570096123,10/03/2019 09:48:43,0,-6785113135436496666
"gym, Jeddah, Makkah, Saudi Arabia",ูุงุฏู ุจุงูุฏู,0x15c3d007617bf6cd:0xa1d66f8d697880e6,ChIJzfZ7YQfQwxUR5oB4aY1v1qE,"https://www.google.com/maps/place/%D9%86%D8%A7%D8%AF%D9%8A+%D8%A8%D8%A7%D9%82%D8%AF%D9%88/@21.5536276,39.1548315,14z/data=!4m8!1m2!2m1!1s%D9%86%D8%A7%D8%AF%D9%8A+%D8%A8%D8%A7%D9%82%D8%AF%D9%88!3m4!1s0x15c3d007617bf6cd:0xa1d66f8d697880e6!8m2!3d21.5536276!4d39.1548315","https://search.google.com/local/reviews?placeid=ChIJzfZ7YQfQwxUR5oB4aY1v1qE&q=gym,+Jeddah,+Makkah,+Saudi+Arabia&authuser=0&hl=ar&gl=SA","{""1"": 11, ""2"": 3, ""3"": 16, ""4"": 21, ""5"": 84}",4.2,ChZDSUhNMG9nS0VJQ0FnSUNvdDUtYUxnEAE,https://www.google.com/maps/contrib/107383277950022263109?hl=ar,Sameh Hamam,107383277950022263109,https://lh3.googleusercontent.com/a-/AOh14Gi74tuPTFE29LGCzZ_HzFeGdA_dfk72w2bzcYvjCA=s120-c-c0x00000000-cc-rp-mo-ba3-br100,ููุชุงุฒ,https://lh3.googleusercontent.com/a-/AOh14Gi74tuPTFE29LGCzZ_HzFeGdA_dfk72w2bzcYvjCA,,,,https://www.google.com/maps/reviews/data=!4m8!14m7!1m6!2m5!1sChZDSUhNMG9nS0VJQ0FnSUNvdDUtYUxnEAE!2m1!1s0x0:0xa1d66f8d697880e6!3m1!1s2@1:CIHM0ogKEICAgICot5-aLg%7CCgwIiZX44wUQqMTonQI%7C?hl=ar,5,1551764105,03/05/2019 05:35:05,0,-6785113135436496666
"gym, Jeddah, Makkah, Saudi Arabia",ูุงุฏู ุจุงูุฏู,0x15c3d007617bf6cd:0xa1d66f8d697880e6,ChIJzfZ7YQfQwxUR5oB4aY1v1qE,"https://www.google.com/maps/place/%D9%86%D8%A7%D8%AF%D9%8A+%D8%A8%D8%A7%D9%82%D8%AF%D9%88/@21.5536276,39.1548315,14z/data=!4m8!1m2!2m1!1s%D9%86%D8%A7%D8%AF%D9%8A+%D8%A8%D8%A7%D9%82%D8%AF%D9%88!3m4!1s0x15c3d007617bf6cd:0xa1d66f8d697880e6!8m2!3d21.5536276!4d39.1548315","https://search.google.com/local/reviews?placeid=ChIJzfZ7YQfQwxUR5oB4aY1v1qE&q=gym,+Jeddah,+Makkah,+Saudi+Arabia&authuser=0&hl=ar&gl=SA","{""1"": 11, ""2"": 3, ""3"": 16, ""4"": 21, ""5"": 84}",4.2,ChZDSUhNMG9nS0VJQ0FnSUN3dWZPU1VBEAE,https://www.google.com/maps/contrib/101289502376063512971?hl=ar,ููู ุนุจุฏ,101289502376063512971,https://lh3.googleusercontent.com/a/AATXAJzE3sBKrAW9hShegEQxnp5QY5uH9rR7DAmMpEvf=s120-c-c0x00000000-cc-rp-mo-ba3-br100,ุฑุงุฆุน,https://lh3.googleusercontent.com/a/AATXAJzE3sBKrAW9hShegEQxnp5QY5uH9rR7DAmMpEvf,,,,https://www.google.com/maps/reviews/data=!4m8!14m7!1m6!2m5!1sChZDSUhNMG9nS0VJQ0FnSUN3dWZPU1VBEAE!2m1!1s0x0:0xa1d66f8d697880e6!3m1!1s2@1:CIHM0ogKEICAgICwufOSUA%7CCgwIrpy-4AUQyK6muQM%7C?hl=ar,4,1544523310,12/11/2018 10:15:10,0,-6785113135436496666
"gym, Jeddah, Makkah, Saudi Arabia",ูุงุฏู ุจุงูุฏู,0x15c3d007617bf6cd:0xa1d66f8d697880e6,ChIJzfZ7YQfQwxUR5oB4aY1v1qE,"https://www.google.com/maps/place/%D9%86%D8%A7%D8%AF%D9%8A+%D8%A8%D8%A7%D9%82%D8%AF%D9%88/@21.5536276,39.1548315,14z/data=!4m8!1m2!2m1!1s%D9%86%D8%A7%D8%AF%D9%8A+%D8%A8%D8%A7%D9%82%D8%AF%D9%88!3m4!1s0x15c3d007617bf6cd:0xa1d66f8d697880e6!8m2!3d21.5536276!4d39.1548315","https://search.google.com/local/reviews?placeid=ChIJzfZ7YQfQwxUR5oB4aY1v1qE&q=gym,+Jeddah,+Makkah,+Saudi+Arabia&authuser=0&hl=ar&gl=SA","{""1"": 11, ""2"": 3, ""3"": 16, ""4"": 21, ""5"": 84}",4.2,ChZDSUhNMG9nS0VJQ0FnSUNva3UtdWZBEAE,https://www.google.com/maps/contrib/102450258544288227162?hl=ar,Khalid Badawi,102450258544288227162,https://lh3.googleusercontent.com/a-/AOh14GjcflNVXPPdKC8MQk_92728bzjbOf_Ju3kNwu4vaGw=s120-c-c0x00000000-cc-rp-mo-ba6-br100,ููุชุงุฒ,https://lh3.googleusercontent.com/a-/AOh14GjcflNVXPPdKC8MQk_92728bzjbOf_Ju3kNwu4vaGw,,,,https://www.google.com/maps/reviews/data=!4m8!14m7!1m6!2m5!1sChZDSUhNMG9nS0VJQ0FnSUNva3UtdWZBEAE!2m1!1s0x0:0xa1d66f8d697880e6!3m1!1s2@1:CIHM0ogKEICAgICoku-ufA%7CCgsIuPH34gUQoNDXIw%7C?hl=ar,5,1549662392,02/08/2019 21:46:32,1,-6785113135436496666
"gym, Jeddah, Makkah, Saudi Arabia",ูุงุฏู ุจุงูุฏู,0x15c3d007617bf6cd:0xa1d66f8d697880e6,ChIJzfZ7YQfQwxUR5oB4aY1v1qE,"https://www.google.com/maps/place/%D9%86%D8%A7%D8%AF%D9%8A+%D8%A8%D8%A7%D9%82%D8%AF%D9%88/@21.5536276,39.1548315,14z/data=!4m8!1m2!2m1!1s%D9%86%D8%A7%D8%AF%D9%8A+%D8%A8%D8%A7%D9%82%D8%AF%D9%88!3m4!1s0x15c3d007617bf6cd:0xa1d66f8d697880e6!8m2!3d21.5536276!4d39.1548315","https://search.google.com/local/reviews?placeid=ChIJzfZ7YQfQwxUR5oB4aY1v1qE&q=gym,+Jeddah,+Makkah,+Saudi+Arabia&authuser=0&hl=ar&gl=SA","{""1"": 11, ""2"": 3, ""3"": 16, ""4"": 21, ""5"": 84}",4.2,ChdDSUhNMG9nS0VJQ0FnSUNBMHFDWXBRRRAB,https://www.google.com/maps/contrib/114165080453088906463?hl=ar,meme 83,114165080453088906463,https://lh3.googleusercontent.com/a-/AOh14Gir0a4sQZteqd10VSjY0Ff10mPGnJPsIbGtHFTTjg=s120-c-c0x00000000-cc-rp-mo-br100,ุฌููู,https://lh3.googleusercontent.com/a-/AOh14Gir0a4sQZteqd10VSjY0Ff10mPGnJPsIbGtHFTTjg,,,,https://www.google.com/maps/reviews/data=!4m5!14m4!1m3!1m2!1s114165080453088906463!2s0x0:0xa1d66f8d697880e6?hl=ar,5,1534368498,08/15/2018 21:28:18,0,-6785113135436496666
"gym, Jeddah, Makkah, Saudi Arabia",ูุงุฏู ุจุงูุฏู,0x15c3d007617bf6cd:0xa1d66f8d697880e6,ChIJzfZ7YQfQwxUR5oB4aY1v1qE,"https://www.google.com/maps/place/%D9%86%D8%A7%D8%AF%D9%8A+%D8%A8%D8%A7%D9%82%D8%AF%D9%88/@21.5536276,39.1548315,14z/data=!4m8!1m2!2m1!1s%D9%86%D8%A7%D8%AF%D9%8A+%D8%A8%D8%A7%D9%82%D8%AF%D9%88!3m4!1s0x15c3d007617bf6cd:0xa1d66f8d697880e6!8m2!3d21.5536276!4d39.1548315","https://search.google.com/local/reviews?placeid=ChIJzfZ7YQfQwxUR5oB4aY1v1qE&q=gym,+Jeddah,+Makkah,+Saudi+Arabia&authuser=0&hl=ar&gl=SA","{""1"": 11, ""2"": 3, ""3"": 16, ""4"": 21, ""5"": 84}",4.2,ChdDSUhNMG9nS0VJQ0FnSUNRZzlMcHhRRRAB,https://www.google.com/maps/contrib/106546330109852806474?hl=ar,Krwaaan Alabsi,106546330109852806474,https://lh3.googleusercontent.com/a/AATXAJzhm4NbWx6P4hWu6Pf7TP_jbJtMAgrR4pCiU4HH=s120-c-c0x00000000-cc-rp-mo-br100,ููุชุงุฒ,https://lh3.googleusercontent.com/a/AATXAJzhm4NbWx6P4hWu6Pf7TP_jbJtMAgrR4pCiU4HH,,,,https://www.google.com/maps/reviews/data=!4m5!14m4!1m3!1m2!1s106546330109852806474!2s0x0:0xa1d66f8d697880e6?hl=ar,5,1532451556,07/24/2018 16:59:16,0,-6785113135436496666
"gym, Jeddah, Makkah, Saudi Arabia",ูุงุฏู ุจุงูุฏู,0x15c3d007617bf6cd:0xa1d66f8d697880e6,ChIJzfZ7YQfQwxUR5oB4aY1v1qE,"https://www.google.com/maps/place/%D9%86%D8%A7%D8%AF%D9%8A+%D8%A8%D8%A7%D9%82%D8%AF%D9%88/@21.5536276,39.1548315,14z/data=!4m8!1m2!2m1!1s%D9%86%D8%A7%D8%AF%D9%8A+%D8%A8%D8%A7%D9%82%D8%AF%D9%88!3m4!1s0x15c3d007617bf6cd:0xa1d66f8d697880e6!8m2!3d21.5536276!4d39.1548315","https://search.google.com/local/reviews?placeid=ChIJzfZ7YQfQwxUR5oB4aY1v1qE&q=gym,+Jeddah,+Makkah,+Saudi+Arabia&authuser=0&hl=ar&gl=SA","{""1"": 11, ""2"": 3, ""3"": 16, ""4"": 21, ""5"": 84}",4.2,ChdDSUhNMG9nS0VJQ0FnSURBNU9taGxBRRAB,https://www.google.com/maps/contrib/116539232625448057427?hl=ar,amol6611@gamil.com ุงูุญุฑุจู,116539232625448057427,https://lh3.googleusercontent.com/a-/AOh14Gikmf5Fqu_9DIzI7p9Od9mgoEpJ-Syx7mv6DWC6xA=s120-c-c0x00000000-cc-rp-mo-ba5-br100,ููุชุงุฒ,https://lh3.googleusercontent.com/a-/AOh14Gikmf5Fqu_9DIzI7p9Od9mgoEpJ-Syx7mv6DWC6xA,,,,https://www.google.com/maps/reviews/data=!4m5!14m4!1m3!1m2!1s116539232625448057427!2s0x0:0xa1d66f8d697880e6?hl=ar,5,1527990906,06/03/2018 01:55:06,0,-6785113135436496666
"gym, Jeddah, Makkah, Saudi Arabia",ูุงุฏู ุจุงูุฏู,0x15c3d007617bf6cd:0xa1d66f8d697880e6,ChIJzfZ7YQfQwxUR5oB4aY1v1qE,"https://www.google.com/maps/place/%D9%86%D8%A7%D8%AF%D9%8A+%D8%A8%D8%A7%D9%82%D8%AF%D9%88/@21.5536276,39.1548315,14z/data=!4m8!1m2!2m1!1s%D9%86%D8%A7%D8%AF%D9%8A+%D8%A8%D8%A7%D9%82%D8%AF%D9%88!3m4!1s0x15c3d007617bf6cd:0xa1d66f8d697880e6!8m2!3d21.5536276!4d39.1548315","https://search.google.com/local/reviews?placeid=ChIJzfZ7YQfQwxUR5oB4aY1v1qE&q=gym,+Jeddah,+Makkah,+Saudi+Arabia&authuser=0&hl=ar&gl=SA","{""1"": 11, ""2"": 3, ""3"": 16, ""4"": 21, ""5"": 84}",4.2,ChdDSUhNMG9nS0VJQ0FnSURRdmRtYmlBRRAB,https://www.google.com/maps/contrib/103819967626116956260?hl=ar,ุฑุคุฉ ุนุฏูุงู,103819967626116956260,https://lh3.googleusercontent.com/a/AATXAJxEoN8mCOXKug-6DziqX4C3iAwYizMrd6MDvHed=s120-c-c0x00000000-cc-rp-mo-ba5-br100,ูููุณ,https://lh3.googleusercontent.com/a/AATXAJxEoN8mCOXKug-6DziqX4C3iAwYizMrd6MDvHed,,,,https://www.google.com/maps/reviews/data=!4m5!14m4!1m3!1m2!1s103819967626116956260!2s0x0:0xa1d66f8d697880e6?hl=ar,4,1521885467,03/24/2018 09:57:47,0,-6785113135436496666
"gym, Jeddah, Makkah, Saudi Arabia",ูุงุฏู ุจุงูุฏู,0x15c3d007617bf6cd:0xa1d66f8d697880e6,ChIJzfZ7YQfQwxUR5oB4aY1v1qE,"https://www.google.com/maps/place/%D9%86%D8%A7%D8%AF%D9%8A+%D8%A8%D8%A7%D9%82%D8%AF%D9%88/@21.5536276,39.1548315,14z/data=!4m8!1m2!2m1!1s%D9%86%D8%A7%D8%AF%D9%8A+%D8%A8%D8%A7%D9%82%D8%AF%D9%88!3m4!1s0x15c3d007617bf6cd:0xa1d66f8d697880e6!8m2!3d21.5536276!4d39.1548315","https://search.google.com/local/reviews?placeid=ChIJzfZ7YQfQwxUR5oB4aY1v1qE&q=gym,+Jeddah,+Makkah,+Saudi+Arabia&authuser=0&hl=ar&gl=SA","{""1"": 11, ""2"": 3, ""3"": 16, ""4"": 21, ""5"": 84}",4.2,ChZDSUhNMG9nS0VJQ0FnSURRNzVqSWRREAE,https://www.google.com/maps/contrib/110186431280419571399?hl=ar,ููุชุทูุงุช ุงูุฃุฑูุฌ,110186431280419571399,https://lh3.googleusercontent.com/a-/AOh14GhkM73HWdQH9ECie03Z7wzKs-2jZnvdL-xVpDeUMZ4=s120-c-c0x00000000-cc-rp-mo-ba4-br100,ุฌูููููู,https://lh3.googleusercontent.com/a-/AOh14GhkM73HWdQH9ECie03Z7wzKs-2jZnvdL-xVpDeUMZ4,,,,https://www.google.com/maps/reviews/data=!4m5!14m4!1m3!1m2!1s110186431280419571399!2s0x0:0xa1d66f8d697880e6?hl=ar,5,1527679957,05/30/2018 11:32:37,1,-6785113135436496666
"gym, Jeddah, Makkah, Saudi Arabia",ูุงุฏู ุจุงูุฏู,0x15c3d007617bf6cd:0xa1d66f8d697880e6,ChIJzfZ7YQfQwxUR5oB4aY1v1qE,"https://www.google.com/maps/place/%D9%86%D8%A7%D8%AF%D9%8A+%D8%A8%D8%A7%D9%82%D8%AF%D9%88/@21.5536276,39.1548315,14z/data=!4m8!1m2!2m1!1s%D9%86%D8%A7%D8%AF%D9%8A+%D8%A8%D8%A7%D9%82%D8%AF%D9%88!3m4!1s0x15c3d007617bf6cd:0xa1d66f8d697880e6!8m2!3d21.5536276!4d39.1548315","https://search.google.com/local/reviews?placeid=ChIJzfZ7YQfQwxUR5oB4aY1v1qE&q=gym,+Jeddah,+Makkah,+Saudi+Arabia&authuser=0&hl=ar&gl=SA","{""1"": 11, ""2"": 3, ""3"": 16, ""4"": 21, ""5"": 84}",4.2,ChdDSUhNMG9nS0VJQ0FnSUNBbjlLaWhBRRAB,https://www.google.com/maps/contrib/100705511940785270094?hl=ar,Alnazer Soft,100705511940785270094,https://lh3.googleusercontent.com/a/AATXAJy3koP46RsCS8WGsQimaqxG7kvqxV_HcfurNi2L=s120-c-c0x00000000-cc-rp-mo-br100,ุฑุงุฆุน,https://lh3.googleusercontent.com/a/AATXAJy3koP46RsCS8WGsQimaqxG7kvqxV_HcfurNi2L,,,,https://www.google.com/maps/reviews/data=!4m5!14m4!1m3!1m2!1s100705511940785270094!2s0x0:0xa1d66f8d697880e6?hl=ar,5,1521111859,03/15/2018 11:04:19,0,-6785113135436496666
"gym, Jeddah, Makkah, Saudi Arabia",ูุงุฏู ุจุงูุฏู,0x15c3d007617bf6cd:0xa1d66f8d697880e6,ChIJzfZ7YQfQwxUR5oB4aY1v1qE,"https://www.google.com/maps/place/%D9%86%D8%A7%D8%AF%D9%8A+%D8%A8%D8%A7%D9%82%D8%AF%D9%88/@21.5536276,39.1548315,14z/data=!4m8!1m2!2m1!1s%D9%86%D8%A7%D8%AF%D9%8A+%D8%A8%D8%A7%D9%82%D8%AF%D9%88!3m4!1s0x15c3d007617bf6cd:0xa1d66f8d697880e6!8m2!3d21.5536276!4d39.1548315","https://search.google.com/local/reviews?placeid=ChIJzfZ7YQfQwxUR5oB4aY1v1qE&q=gym,+Jeddah,+Makkah,+Saudi+Arabia&authuser=0&hl=ar&gl=SA","{""1"": 11, ""2"": 3, ""3"": 16, ""4"": 21, ""5"": 84}",4.2,ChZDSUhNMG9nS0VJQ0FnSUN3aktfOUpBEAE,https://www.google.com/maps/contrib/104229694845988344231?hl=ar,Shosho She,104229694845988344231,https://lh3.googleusercontent.com/a/AATXAJym55qbqwA_DfUph0Q6QN5esVD_iWbIBeMilig3=s120-c-c0x00000000-cc-rp-mo-br100,ููุชุงุฒ ูุฑุงูู,https://lh3.googleusercontent.com/a/AATXAJym55qbqwA_DfUph0Q6QN5esVD_iWbIBeMilig3,,,,https://www.google.com/maps/reviews/data=!4m5!14m4!1m3!1m2!1s104229694845988344231!2s0x0:0xa1d66f8d697880e6?hl=ar,5,1536585104,09/10/2018 13:11:44,0,-6785113135436496666
"gym, Jeddah, Makkah, Saudi Arabia",ูุงุฏู ุจุงูุฏู,0x15c3d007617bf6cd:0xa1d66f8d697880e6,ChIJzfZ7YQfQwxUR5oB4aY1v1qE,"https://www.google.com/maps/place/%D9%86%D8%A7%D8%AF%D9%8A+%D8%A8%D8%A7%D9%82%D8%AF%D9%88/@21.5536276,39.1548315,14z/data=!4m8!1m2!2m1!1s%D9%86%D8%A7%D8%AF%D9%8A+%D8%A8%D8%A7%D9%82%D8%AF%D9%88!3m4!1s0x15c3d007617bf6cd:0xa1d66f8d697880e6!8m2!3d21.5536276!4d39.1548315","https://search.google.com/local/reviews?placeid=ChIJzfZ7YQfQwxUR5oB4aY1v1qE&q=gym,+Jeddah,+Makkah,+Saudi+Arabia&authuser=0&hl=ar&gl=SA","{""1"": 11, ""2"": 3, ""3"": 16, ""4"": 21, ""5"": 84}",4.2,ChZDSUhNMG9nS0VJQ0FnSURXdThLSVNnEAE,https://www.google.com/maps/contrib/104229479182229693548?hl=ar,Dan F.,104229479182229693548,https://lh3.googleusercontent.com/a-/AOh14Gj8cYuA3wKn2THLqFWvUH977y71VSrzx0xMEy-Oyw=s120-c-c0x00000000-cc-rp-mo-br100,"(ุชูุช ุงูุชุฑุฌูุฉ ุจูุงุณุทุฉ Google.) ููุงู ุฑุงุฆุน ูุฃุณุนุงุฑ ุฌูุฏุฉ ููุบุงูุฉ ููุธุงูุฉ ููุชุงุฒุฉ.

(ุงูุชุนููู ุงูุฃุตูู)
Great place, very good prices and cleanliness is excellent.",https://lh3.googleusercontent.com/a-/AOh14Gj8cYuA3wKn2THLqFWvUH977y71VSrzx0xMEy-Oyw,,,,https://www.google.com/maps/reviews/data=!4m5!14m4!1m3!1m2!1s104229479182229693548!2s0x0:0xa1d66f8d697880e6?hl=ar,5,1649148976,04/05/2022 08:56:16,0,-6785113135436496666
"gym, Jeddah, Makkah, Saudi Arabia",ูุงุฏู ุจุงูุฏู,0x15c3d007617bf6cd:0xa1d66f8d697880e6,ChIJzfZ7YQfQwxUR5oB4aY1v1qE,"https://www.google.com/maps/place/%D9%86%D8%A7%D8%AF%D9%8A+%D8%A8%D8%A7%D9%82%D8%AF%D9%88/@21.5536276,39.1548315,14z/data=!4m8!1m2!2m1!1s%D9%86%D8%A7%D8%AF%D9%8A+%D8%A8%D8%A7%D9%82%D8%AF%D9%88!3m4!1s0x15c3d007617bf6cd:0xa1d66f8d697880e6!8m2!3d21.5536276!4d39.1548315","https://search.google.com/local/reviews?placeid=ChIJzfZ7YQfQwxUR5oB4aY1v1qE&q=gym,+Jeddah,+Makkah,+Saudi+Arabia&authuser=0&hl=ar&gl=SA","{""1"": 11, ""2"": 3, ""3"": 16, ""4"": 21, ""5"": 84}",4.2,ChZDSUhNMG9nS0VJQ0FnSURDMzhLcFhREAE,https://www.google.com/maps/contrib/109965056821589968601?hl=ar,Tana ksa,109965056821589968601,https://lh3.googleusercontent.com/a-/AOh14Gh1tUuU23vqmzqzoXSSQiu920tXJq1Bm6xzFtOwEBA=s120-c-c0x00000000-cc-rp-mo-ba4-br100,"(ุชูุช ุงูุชุฑุฌูุฉ ุจูุงุณุทุฉ Google.) ูุฏููู ูุนุงูุฌ ููุฒูุงุฆู ูุฏุฑูุณ ุณุจุงุญุฉ

(ุงูุชุนููู ุงูุฃุตูู)
they have a physical therapist and swimming lessons",https://lh5.googleusercontent.com/p/AF1QipPe80AKC6Fgnuv8vx8PbaQ0lFIlFos7uNoqLCO1,,,,https://www.google.com/maps/reviews/data=!4m5!14m4!1m3!1m2!1s109965056821589968601!2s0x0:0xa1d66f8d697880e6?hl=ar,4,1602904411,10/17/2020 03:13:31,1,-6785113135436496666
"gym, Jeddah, Makkah, Saudi Arabia",ูุงุฏู ุจุงูุฏู,0x15c3d007617bf6cd:0xa1d66f8d697880e6,ChIJzfZ7YQfQwxUR5oB4aY1v1qE,"https://www.google.com/maps/place/%D9%86%D8%A7%D8%AF%D9%8A+%D8%A8%D8%A7%D9%82%D8%AF%D9%88/@21.5536276,39.1548315,14z/data=!4m8!1m2!2m1!1s%D9%86%D8%A7%D8%AF%D9%8A+%D8%A8%D8%A7%D9%82%D8%AF%D9%88!3m4!1s0x15c3d007617bf6cd:0xa1d66f8d697880e6!8m2!3d21.5536276!4d39.1548315","https://search.google.com/local/reviews?placeid=ChIJzfZ7YQfQwxUR5oB4aY1v1qE&q=gym,+Jeddah,+Makkah,+Saudi+Arabia&authuser=0&hl=ar&gl=SA","{""1"": 11, ""2"": 3, ""3"": 16, ""4"": 21, ""5"": 84}",4.2,ChZDSUhNMG9nS0VJQ0FnSUNBMHFPUFBREAE,https://www.google.com/maps/contrib/110198722908158897895?hl=ar,Riham Alshafie,110198722908158897895,https://lh3.googleusercontent.com/a/AATXAJxVJUFw2HjcmPty9BLPAK92AFXq02Xz5Ns2H5Qi=s120-c-c0x00000000-cc-rp-mo-ba2-br100,"(ุชูุช ุงูุชุฑุฌูุฉ ุจูุงุณุทุฉ Google.) ููุดุฃุฉ ูุงุฆูุฉ. ูุฌููุนุฉ ูุชููุนุฉ ูู ุงูุขูุงุช. ุงูููุธููู ูุธููุฉ ููุฏูุฉ ููุบุงูุฉ ุ ูุซูู ุงูุฃุนุถุงุก ุฃูุถุง. ุฌู ูุทูู ุจุดูู ุนุงู.

(ุงูุชุนููู ุงูุฃุตูู)
Decent facility. Wide variety of machines. Spotless clean and friendly staff, members are cultured too. Nice atmosphere overall.",https://lh3.googleusercontent.com/a/AATXAJxVJUFw2HjcmPty9BLPAK92AFXq02Xz5Ns2H5Qi,,,,https://www.google.com/maps/reviews/data=!4m5!14m4!1m3!1m2!1s110198722908158897895!2s0x0:0xa1d66f8d697880e6?hl=ar,4,1514022790,12/23/2017 09:53:10,2,-6785113135436496666
"gym, Jeddah, Makkah, Saudi Arabia",ูุงุฏู ุจุงูุฏู,0x15c3d007617bf6cd:0xa1d66f8d697880e6,ChIJzfZ7YQfQwxUR5oB4aY1v1qE,"https://www.google.com/maps/place/%D9%86%D8%A7%D8%AF%D9%8A+%D8%A8%D8%A7%D9%82%D8%AF%D9%88/@21.5536276,39.1548315,14z/data=!4m8!1m2!2m1!1s%D9%86%D8%A7%D8%AF%D9%8A+%D8%A8%D8%A7%D9%82%D8%AF%D9%88!3m4!1s0x15c3d007617bf6cd:0xa1d66f8d697880e6!8m2!3d21.5536276!4d39.1548315","https://search.google.com/local/reviews?placeid=ChIJzfZ7YQfQwxUR5oB4aY1v1qE&q=gym,+Jeddah,+Makkah,+Saudi+Arabia&authuser=0&hl=ar&gl=SA","{""1"": 11, ""2"": 3, ""3"": 16, ""4"": 21, ""5"": 84}",4.2,ChZDSUhNMG9nS0VJQ0FnSURnaVlIRGFnEAE,https://www.google.com/maps/contrib/103920098406886789424?hl=ar,Haneen Al Omar,103920098406886789424,https://lh3.googleusercontent.com/a/AATXAJxNToSVxjkLgw1DiIF3QBXuf36Jmz-SaTAqt3Y=s120-c-c0x00000000-cc-rp-mo-br100,"(ุชูุช ุงูุชุฑุฌูุฉ ุจูุงุณุทุฉ Google.) ูุฑูู ุนูู ูุฏูุฏ ูุฐู ุฎุจุฑุฉ ููุฑุชุจุฉ ููุธููุฉ ูุน ูุฌููุนุฉ ูุชููุนุฉ ุฌูุฏุฉ ูู ุงูุขูุงุช ูุงููุตูู .. ุบูุฑ ูุฒุฏุญูุฉ ููุบุงูุฉ. ููุตู ุจุดุฏุฉ ๐๐ฝ

(ุงูุชุนููู ุงูุฃุตูู)
Friendly and experienced staff, neat and clean with good variety of machines and classes .. not very crowded. Highly recommended ๐๐ฝ",https://lh3.googleusercontent.com/a/AATXAJxNToSVxjkLgw1DiIF3QBXuf36Jmz-SaTAqt3Y,,,,https://www.google.com/maps/reviews/data=!4m5!14m4!1m3!1m2!1s103920098406886789424!2s0x0:0xa1d66f8d697880e6?hl=ar,5,1502200193,08/08/2017 13:49:53,2,-6785113135436496666
"gym, Jeddah, Makkah, Saudi Arabia",ูุงุฏู ุจุงูุฏู,0x15c3d007617bf6cd:0xa1d66f8d697880e6,ChIJzfZ7YQfQwxUR5oB4aY1v1qE,"https://www.google.com/maps/place/%D9%86%D8%A7%D8%AF%D9%8A+%D8%A8%D8%A7%D9%82%D8%AF%D9%88/@21.5536276,39.1548315,14z/data=!4m8!1m2!2m1!1s%D9%86%D8%A7%D8%AF%D9%8A+%D8%A8%D8%A7%D9%82%D8%AF%D9%88!3m4!1s0x15c3d007617bf6cd:0xa1d66f8d697880e6!8m2!3d21.5536276!4d39.1548315","https://search.google.com/local/reviews?placeid=ChIJzfZ7YQfQwxUR5oB4aY1v1qE&q=gym,+Jeddah,+Makkah,+Saudi+Arabia&authuser=0&hl=ar&gl=SA","{""1"": 11, ""2"": 3, ""3"": 16, ""4"": 21, ""5"": 84}",4.2,ChdDSUhNMG9nS0VJQ0FnSUMwNzZ5ZzZRRRAB,https://www.google.com/maps/contrib/113662026654823274402?hl=ar,Kevin Kev,113662026654823274402,https://lh3.googleusercontent.com/a-/AOh14Gj4JiQC9ogKqp013_Hh5LehAFNPql4eajdU35V51g=s120-c-c0x00000000-cc-rp-mo-ba4-br100,"(ุชูุช ุงูุชุฑุฌูุฉ ุจูุงุณุทุฉ Google.) ูุฐุง ูู ุงูููุงู ุงูุฐู ูุญุฏุซ ููู ุงูุณุญุฑ ุนูู ุฌุณููุง ููุณู ุ ูููู ูุนุชูุฏ ุนูู ุนูููุง ูุฑุคูุฉ ุงูุณุญุฑ ููุง ูุงูุง.

(ุงูุชุนููู ุงูุฃุตูู)
This is where the Magic happens on our body itself, but it depends on our work tho to see the magic here haha.",https://lh3.googleusercontent.com/a-/AOh14Gj4JiQC9ogKqp013_Hh5LehAFNPql4eajdU35V51g,,,,https://www.google.com/maps/reviews/data=!4m5!14m4!1m3!1m2!1s113662026654823274402!2s0x0:0xa1d66f8d697880e6?hl=ar,5,1571149681,10/15/2019 14:28:01,1,-6785113135436496666
"gym, Jeddah, Makkah, Saudi Arabia",ูุงุฏู ุจุงูุฏู,0x15c3d007617bf6cd:0xa1d66f8d697880e6,ChIJzfZ7YQfQwxUR5oB4aY1v1qE,"https://www.google.com/maps/place/%D9%86%D8%A7%D8%AF%D9%8A+%D8%A8%D8%A7%D9%82%D8%AF%D9%88/@21.5536276,39.1548315,14z/data=!4m8!1m2!2m1!1s%D9%86%D8%A7%D8%AF%D9%8A+%D8%A8%D8%A7%D9%82%D8%AF%D9%88!3m4!1s0x15c3d007617bf6cd:0xa1d66f8d697880e6!8m2!3d21.5536276!4d39.1548315","https://search.google.com/local/reviews?placeid=ChIJzfZ7YQfQwxUR5oB4aY1v1qE&q=gym,+Jeddah,+Makkah,+Saudi+Arabia&authuser=0&hl=ar&gl=SA","{""1"": 11, ""2"": 3, ""3"": 16, ""4"": 21, ""5"": 84}",4.2,ChZDSUhNMG9nS0VJQ0FnSURRM042ZFNnEAE,https://www.google.com/maps/contrib/116181091115372661130?hl=ar,Alaa Abdulghani,116181091115372661130,https://lh3.googleusercontent.com/a-/AOh14GhqjHCd6OEuny-n-7yDNX1hSNQNwNkHAY6T0qcR=s120-c-c0x00000000-cc-rp-mo-br100,"(ุชูุช ุงูุชุฑุฌูุฉ ุจูุงุณุทุฉ Google.) ุฃูุถู ุตุงูุฉ ุฃูุนุงุจ ุฑูุงุถูุฉ ุฒุฑุชูุง ุนูู ุงูุฅุทูุงู .... ุฃูุฎู ุตุงูุฉ ุฃูุนุงุจ ุฑูุงุถูุฉ ุนูู ุงูุฅุทูุงู ... ุฃูุถู ูุฑูู ูู ุงูุนุงูู โค๏ธโค๏ธโค๏ธโค๏ธโค๏ธโค๏ธ๐๐๐๐๐๐๐๐๐ป๐๐ป๐๐ป๐๐ป๐ช๐ป๐ช ๐ป๐ช๐ป

(ุงูุชุนููู ุงูุฃุตูู)
The best gym that I've ever been to.... the fanciest gym ever ... best team in the world โค๏ธโค๏ธโค๏ธโค๏ธโค๏ธโค๏ธ๐๐๐๐๐๐๐๐๐ป๐๐ป๐๐ป๐๐ป๐ช๐ป๐ช๐ป๐ช๐ป",https://lh3.googleusercontent.com/a-/AOh14GhqjHCd6OEuny-n-7yDNX1hSNQNwNkHAY6T0qcR,,,,https://www.google.com/maps/reviews/data=!4m5!14m4!1m3!1m2!1s116181091115372661130!2s0x0:0xa1d66f8d697880e6?hl=ar,5,1502198774,08/08/2017 13:26:14,2,-6785113135436496666
"gym, Jeddah, Makkah, Saudi Arabia",ูุงุฏู ุจุงูุฏู,0x15c3d007617bf6cd:0xa1d66f8d697880e6,ChIJzfZ7YQfQwxUR5oB4aY1v1qE,"https://www.google.com/maps/place/%D9%86%D8%A7%D8%AF%D9%8A+%D8%A8%D8%A7%D9%82%D8%AF%D9%88/@21.5536276,39.1548315,14z/data=!4m8!1m2!2m1!1s%D9%86%D8%A7%D8%AF%D9%8A+%D8%A8%D8%A7%D9%82%D8%AF%D9%88!3m4!1s0x15c3d007617bf6cd:0xa1d66f8d697880e6!8m2!3d21.5536276!4d39.1548315","https://search.google.com/local/reviews?placeid=ChIJzfZ7YQfQwxUR5oB4aY1v1qE&q=gym,+Jeddah,+Makkah,+Saudi+Arabia&authuser=0&hl=ar&gl=SA","{""1"": 11, ""2"": 3, ""3"": 16, ""4"": 21, ""5"": 84}",4.2,ChZDSUhNMG9nS0VJQ0FnSUNvaXBlQldnEAE,https://www.google.com/maps/contrib/108200856155541314166?hl=ar,Maram A,108200856155541314166,https://lh3.googleusercontent.com/a-/AOh14Gg7A4DoK3gV1Q3ShKXDKEWu9nETPjOSE2wcL__A=s120-c-c0x00000000-cc-rp-mo-br100,"(ุชูุช ุงูุชุฑุฌูุฉ ุจูุงุณุทุฉ Google.) ุบุงูู ุฌุฏุง!
ูููููู ุดุฑุงุก ููุฆุฉ ุฌุฏูุฏุฉ ูุงููุฉ ุฅุฐุง ููุช ุจุญูุธ ุงููุงู

(ุงูุชุนููู ุงูุฃุตูู)
Too pricy!
I could buy a whole new body if I saved the money๐น",https://lh3.googleusercontent.com/a-/AOh14Gg7A4DoK3gV1Q3ShKXDKEWu9nETPjOSE2wcL__A,,,,https://www.google.com/maps/reviews/data=!4m5!14m4!1m3!1m2!1s108200856155541314166!2s0x0:0xa1d66f8d697880e6?hl=ar,2,1549775541,02/10/2019 05:12:21,1,-6785113135436496666
"gym, Jeddah, Makkah, Saudi Arabia",ูุงุฏู ุจุงูุฏู,0x15c3d007617bf6cd:0xa1d66f8d697880e6,ChIJzfZ7YQfQwxUR5oB4aY1v1qE,"https://www.google.com/maps/place/%D9%86%D8%A7%D8%AF%D9%8A+%D8%A8%D8%A7%D9%82%D8%AF%D9%88/@21.5536276,39.1548315,14z/data=!4m8!1m2!2m1!1s%D9%86%D8%A7%D8%AF%D9%8A+%D8%A8%D8%A7%D9%82%D8%AF%D9%88!3m4!1s0x15c3d007617bf6cd:0xa1d66f8d697880e6!8m2!3d21.5536276!4d39.1548315","https://search.google.com/local/reviews?placeid=ChIJzfZ7YQfQwxUR5oB4aY1v1qE&q=gym,+Jeddah,+Makkah,+Saudi+Arabia&authuser=0&hl=ar&gl=SA","{""1"": 11, ""2"": 3, ""3"": 16, ""4"": 21, ""5"": 84}",4.2,ChZDSUhNMG9nS0VJQ0FnSURNMnVlcGJ3EAE,https://www.google.com/maps/contrib/102644424828843150640?hl=ar,peep peep,102644424828843150640,https://lh3.googleusercontent.com/a/AATXAJy1NS4PaQUnyRAc66cY28Bu7Ol6isgXAwzUuAFK=s120-c-c0x00000000-cc-rp-mo-br100,"(ุชูุช ุงูุชุฑุฌูุฉ ุจูุงุณุทุฉ Google.) ููุงู ุฑุงุฆุน ููู ูุง ุฃุฑูุฏู ูู ููุงู

(ุงูุชุนููู ุงูุฃุตูู)
Amazing place and everything i want is there๐๐ป",https://lh3.googleusercontent.com/a/AATXAJy1NS4PaQUnyRAc66cY28Bu7Ol6isgXAwzUuAFK,,,,https://www.google.com/maps/reviews/data=!4m5!14m4!1m3!1m2!1s102644424828843150640!2s0x0:0xa1d66f8d697880e6?hl=ar,5,1577441672,12/27/2019 10:14:32,1,-6785113135436496666
"gym, Jeddah, Makkah, Saudi Arabia",ูุงุฏู ุจุงูุฏู,0x15c3d007617bf6cd:0xa1d66f8d697880e6,ChIJzfZ7YQfQwxUR5oB4aY1v1qE,"https://www.google.com/maps/place/%D9%86%D8%A7%D8%AF%D9%8A+%D8%A8%D8%A7%D9%82%D8%AF%D9%88/@21.5536276,39.1548315,14z/data=!4m8!1m2!2m1!1s%D9%86%D8%A7%D8%AF%D9%8A+%D8%A8%D8%A7%D9%82%D8%AF%D9%88!3m4!1s0x15c3d007617bf6cd:0xa1d66f8d697880e6!8m2!3d21.5536276!4d39.1548315","https://search.google.com/local/reviews?placeid=ChIJzfZ7YQfQwxUR5oB4aY1v1qE&q=gym,+Jeddah,+Makkah,+Saudi+Arabia&authuser=0&hl=ar&gl=SA","{""1"": 11, ""2"": 3, ""3"": 16, ""4"": 21, ""5"": 84}",4.2,ChdDSUhNMG9nS0VJQ0FnSUNJM3ZqR3FRRRAB,https://www.google.com/maps/contrib/112100744746620089456?hl=ar,ุงุณุชุบูุฑุงููู ุงูุนุธูู e,112100744746620089456,https://lh3.googleusercontent.com/a/AATXAJzzDbLYay3RxaZLQXy_ytvSl4cE3lfJfNF7XV7K=s120-c-c0x00000000-cc-rp-mo-ba3-br100,"(ุชูุช ุงูุชุฑุฌูุฉ ุจูุงุณุทุฉ Google.) ูุนู

(ุงูุชุนููู ุงูุฃุตูู)
Ok",https://lh3.googleusercontent.com/a/AATXAJzzDbLYay3RxaZLQXy_ytvSl4cE3lfJfNF7XV7K,,,,https://www.google.com/maps/reviews/data=!4m5!14m4!1m3!1m2!1s112100744746620089456!2s0x0:0xa1d66f8d697880e6?hl=ar,5,1542438273,11/17/2018 07:04:33,1,-6785113135436496666
"gym, Jeddah, Makkah, Saudi Arabia",ูุงุฏู ุจุงูุฏู,0x15c3d007617bf6cd:0xa1d66f8d697880e6,ChIJzfZ7YQfQwxUR5oB4aY1v1qE,"https://www.google.com/maps/place/%D9%86%D8%A7%D8%AF%D9%8A+%D8%A8%D8%A7%D9%82%D8%AF%D9%88/@21.5536276,39.1548315,14z/data=!4m8!1m2!2m1!1s%D9%86%D8%A7%D8%AF%D9%8A+%D8%A8%D8%A7%D9%82%D8%AF%D9%88!3m4!1s0x15c3d007617bf6cd:0xa1d66f8d697880e6!8m2!3d21.5536276!4d39.1548315","https://search.google.com/local/reviews?placeid=ChIJzfZ7YQfQwxUR5oB4aY1v1qE&q=gym,+Jeddah,+Makkah,+Saudi+Arabia&authuser=0&hl=ar&gl=SA","{""1"": 11, ""2"": 3, ""3"": 16, ""4"": 21, ""5"": 84}",4.2,ChdDSUhNMG9nS0VJQ0FnSURLak9fOHlBRRAB,https://www.google.com/maps/contrib/117350314194512300358?hl=ar,Noman Gull,117350314194512300358,https://lh3.googleusercontent.com/a-/AOh14GgT45fjQ-wa74QirtYlT5999U19ssJ0INAPOAMh=s120-c-c0x00000000-cc-rp-mo-ba5-br100,"(ุชูุช ุงูุชุฑุฌูุฉ ุจูุงุณุทุฉ Google.) ููุงู ุฌููู

(ุงูุชุนููู ุงูุฃุตูู)
Nice place",https://lh3.googleusercontent.com/a-/AOh14GgT45fjQ-wa74QirtYlT5999U19ssJ0INAPOAMh,,,,https://www.google.com/maps/reviews/data=!4m5!14m4!1m3!1m2!1s117350314194512300358!2s0x0:0xa1d66f8d697880e6?hl=ar,5,1619969218,05/02/2021 15:26:58,0,-6785113135436496666
"gym, Jeddah, Makkah, Saudi Arabia",ูุงุฏู ุจุงูุฏู,0x15c3d007617bf6cd:0xa1d66f8d697880e6,ChIJzfZ7YQfQwxUR5oB4aY1v1qE,"https://www.google.com/maps/place/%D9%86%D8%A7%D8%AF%D9%8A+%D8%A8%D8%A7%D9%82%D8%AF%D9%88/@21.5536276,39.1548315,14z/data=!4m8!1m2!2m1!1s%D9%86%D8%A7%D8%AF%D9%8A+%D8%A8%D8%A7%D9%82%D8%AF%D9%88!3m4!1s0x15c3d007617bf6cd:0xa1d66f8d697880e6!8m2!3d21.5536276!4d39.1548315","https://search.google.com/local/reviews?placeid=ChIJzfZ7YQfQwxUR5oB4aY1v1qE&q=gym,+Jeddah,+Makkah,+Saudi+Arabia&authuser=0&hl=ar&gl=SA","{""1"": 11, ""2"": 3, ""3"": 16, ""4"": 21, ""5"": 84}",4.2,ChdDSUhNMG9nS0VJQ0FnSUNnM2JQRDNRRRAB,https://www.google.com/maps/contrib/117373333113736798215?hl=ar,Lujain Abdulghani,117373333113736798215,https://lh3.googleusercontent.com/a-/AOh14Gi8wGyEJPUyJbwp6_3DheeFCJhEKW7j_jK43C0e=s120-c-c0x00000000-cc-rp-mo-ba2-br100,"(ุชูุช ุงูุชุฑุฌูุฉ ุจูุงุณุทุฉ Google.) ุฃูุถู ุฑูุงุถุฉ ุนูู ุงูุฅุทูุงู

(ุงูุชุนููู ุงูุฃุตูู)
Best Gym ever",https://lh3.googleusercontent.com/a-/AOh14Gi8wGyEJPUyJbwp6_3DheeFCJhEKW7j_jK43C0e,,,,https://www.google.com/maps/reviews/data=!4m5!14m4!1m3!1m2!1s117373333113736798215!2s0x0:0xa1d66f8d697880e6?hl=ar,5,1502201124,08/08/2017 14:05:24,1,-6785113135436496666
"gym, Jeddah, Makkah, Saudi Arabia",ูุงุฏู ุจุงูุฏู,0x15c3d007617bf6cd:0xa1d66f8d697880e6,ChIJzfZ7YQfQwxUR5oB4aY1v1qE,"https://www.google.com/maps/place/%D9%86%D8%A7%D8%AF%D9%8A+%D8%A8%D8%A7%D9%82%D8%AF%D9%88/@21.5536276,39.1548315,14z/data=!4m8!1m2!2m1!1s%D9%86%D8%A7%D8%AF%D9%8A+%D8%A8%D8%A7%D9%82%D8%AF%D9%88!3m4!1s0x15c3d007617bf6cd:0xa1d66f8d697880e6!8m2!3d21.5536276!4d39.1548315","https://search.google.com/local/reviews?placeid=ChIJzfZ7YQfQwxUR5oB4aY1v1qE&q=gym,+Jeddah,+Makkah,+Saudi+Arabia&authuser=0&hl=ar&gl=SA","{""1"": 11, ""2"": 3, ""3"": 16, ""4"": 21, ""5"": 84}",4.2,ChdDSUhNMG9nS0VJQ0FnSURBbzdfNjFnRRAB,https://www.google.com/maps/contrib/106503400685541671889?hl=ar,sara al-amri,106503400685541671889,https://lh3.googleusercontent.com/a/AATXAJwylGGwBw4Bao3ceem_eAHSIATf4MMEZ9OCvt_s=s120-c-c0x00000000-cc-rp-mo-br100,"(ุชูุช ุงูุชุฑุฌูุฉ ุจูุงุณุทุฉ Google.) ุตุฎูุฑ ุชุงู.

(ุงูุชุนููู ุงูุฃุตูู)
Tam rocks.",https://lh3.googleusercontent.com/a/AATXAJwylGGwBw4Bao3ceem_eAHSIATf4MMEZ9OCvt_s,,,,https://www.google.com/maps/reviews/data=!4m5!14m4!1m3!1m2!1s106503400685541671889!2s0x0:0xa1d66f8d697880e6?hl=ar,5,1502201144,08/08/2017 14:05:44,3,-6785113135436496666
